SET session_replication_role = replica;

--
-- PostgreSQL database dump
--

-- Dumped from database version 15.8
-- Dumped by pg_dump version 15.8

SET statement_timeout = 0;
SET lock_timeout = 0;
SET idle_in_transaction_session_timeout = 0;
SET client_encoding = 'UTF8';
SET standard_conforming_strings = on;
SELECT pg_catalog.set_config('search_path', '', false);
SET check_function_bodies = false;
SET xmloption = content;
SET client_min_messages = warning;
SET row_security = off;

--
-- Data for Name: audit_log_entries; Type: TABLE DATA; Schema: auth; Owner: supabase_auth_admin
--

INSERT INTO "auth"."audit_log_entries" ("instance_id", "id", "payload", "created_at", "ip_address") VALUES
	('00000000-0000-0000-0000-000000000000', 'd9e69bd4-22fa-42ce-ba95-9ee862fb98f1', '{"action":"login","actor_id":"64c1b2ea-9ed0-4273-8356-b6c156ae9d6a","actor_username":"test@test.com","actor_via_sso":false,"log_type":"account","traits":{"provider":"email"}}', '2025-06-18 22:09:02.327981+00', ''),
	('00000000-0000-0000-0000-000000000000', 'd26d7b39-c218-4c82-ac08-e8e9fd0be269', '{"action":"token_refreshed","actor_id":"64c1b2ea-9ed0-4273-8356-b6c156ae9d6a","actor_username":"test@test.com","actor_via_sso":false,"log_type":"token"}', '2025-06-18 23:09:49.033024+00', ''),
	('00000000-0000-0000-0000-000000000000', 'e4b4780d-bc73-4b5a-9728-92f8ff209787', '{"action":"token_revoked","actor_id":"64c1b2ea-9ed0-4273-8356-b6c156ae9d6a","actor_username":"test@test.com","actor_via_sso":false,"log_type":"token"}', '2025-06-18 23:09:49.034919+00', ''),
	('00000000-0000-0000-0000-000000000000', 'f17e0c45-7077-4ff3-8cef-dd1d0a0bb4a4', '{"action":"login","actor_id":"64c1b2ea-9ed0-4273-8356-b6c156ae9d6a","actor_username":"test@test.com","actor_via_sso":false,"log_type":"account","traits":{"provider":"email"}}', '2025-06-18 23:12:21.855847+00', ''),
	('00000000-0000-0000-0000-000000000000', '8ba2550a-d950-439a-bd72-2551f275f1c5', '{"action":"login","actor_id":"64c1b2ea-9ed0-4273-8356-b6c156ae9d6a","actor_username":"test@test.com","actor_via_sso":false,"log_type":"account","traits":{"provider":"email"}}', '2025-06-18 23:12:41.498376+00', ''),
	('00000000-0000-0000-0000-000000000000', 'e853db5b-ff42-49fc-a0ec-fb26950c7c81', '{"action":"login","actor_id":"64c1b2ea-9ed0-4273-8356-b6c156ae9d6a","actor_username":"test@test.com","actor_via_sso":false,"log_type":"account","traits":{"provider":"email"}}', '2025-06-18 23:12:53.973548+00', ''),
	('00000000-0000-0000-0000-000000000000', '022b7091-f2fb-475a-88ce-eb1a10bff320', '{"action":"login","actor_id":"64c1b2ea-9ed0-4273-8356-b6c156ae9d6a","actor_username":"test@test.com","actor_via_sso":false,"log_type":"account","traits":{"provider":"email"}}', '2025-06-18 23:16:19.981165+00', ''),
	('00000000-0000-0000-0000-000000000000', 'e416e3b3-b227-4170-ab66-92682e6c06a8', '{"action":"login","actor_id":"64c1b2ea-9ed0-4273-8356-b6c156ae9d6a","actor_username":"test@test.com","actor_via_sso":false,"log_type":"account","traits":{"provider":"email"}}', '2025-06-18 23:17:11.240626+00', ''),
	('00000000-0000-0000-0000-000000000000', '263c8634-3159-4081-b7d2-e555dcb3fd26', '{"action":"login","actor_id":"64c1b2ea-9ed0-4273-8356-b6c156ae9d6a","actor_username":"test@test.com","actor_via_sso":false,"log_type":"account","traits":{"provider":"email"}}', '2025-06-18 23:19:52.725829+00', ''),
	('00000000-0000-0000-0000-000000000000', 'afd8d2a2-9eba-4daa-86ec-e6712e6cd6cc', '{"action":"login","actor_id":"64c1b2ea-9ed0-4273-8356-b6c156ae9d6a","actor_username":"test@test.com","actor_via_sso":false,"log_type":"account","traits":{"provider":"email"}}', '2025-06-19 06:19:58.101372+00', ''),
	('00000000-0000-0000-0000-000000000000', 'cd3b850b-be7b-48b4-a060-8c1e715cbf15', '{"action":"logout","actor_id":"64c1b2ea-9ed0-4273-8356-b6c156ae9d6a","actor_username":"test@test.com","actor_via_sso":false,"log_type":"account"}', '2025-06-19 06:20:21.995088+00', ''),
	('00000000-0000-0000-0000-000000000000', '4348d756-4eb1-4c6b-8f2c-f806aef1f6b6', '{"action":"login","actor_id":"64c1b2ea-9ed0-4273-8356-b6c156ae9d6a","actor_username":"test@test.com","actor_via_sso":false,"log_type":"account","traits":{"provider":"email"}}', '2025-06-19 06:20:26.117525+00', ''),
	('00000000-0000-0000-0000-000000000000', '8f2c043d-9f19-473e-8964-43d2186692c4', '{"action":"token_refreshed","actor_id":"64c1b2ea-9ed0-4273-8356-b6c156ae9d6a","actor_username":"test@test.com","actor_via_sso":false,"log_type":"token"}', '2025-06-19 14:32:51.94827+00', ''),
	('00000000-0000-0000-0000-000000000000', '7f5b6d1e-595d-438a-a296-1ba4245cc691', '{"action":"token_revoked","actor_id":"64c1b2ea-9ed0-4273-8356-b6c156ae9d6a","actor_username":"test@test.com","actor_via_sso":false,"log_type":"token"}', '2025-06-19 14:32:51.949225+00', ''),
	('00000000-0000-0000-0000-000000000000', 'fcda2342-3f64-42a9-9058-2b598747b454', '{"action":"token_refreshed","actor_id":"64c1b2ea-9ed0-4273-8356-b6c156ae9d6a","actor_username":"test@test.com","actor_via_sso":false,"log_type":"token"}', '2025-06-19 14:32:51.990464+00', ''),
	('00000000-0000-0000-0000-000000000000', 'b795e491-52fa-4514-83a7-30bbcc0011cb', '{"action":"token_refreshed","actor_id":"64c1b2ea-9ed0-4273-8356-b6c156ae9d6a","actor_username":"test@test.com","actor_via_sso":false,"log_type":"token"}', '2025-06-19 17:41:04.672158+00', ''),
	('00000000-0000-0000-0000-000000000000', '5b4b1e8e-ad53-4797-8060-e6879a9b470a', '{"action":"token_revoked","actor_id":"64c1b2ea-9ed0-4273-8356-b6c156ae9d6a","actor_username":"test@test.com","actor_via_sso":false,"log_type":"token"}', '2025-06-19 17:41:04.672678+00', ''),
	('00000000-0000-0000-0000-000000000000', '4e168d75-652b-497d-ab94-850209820bbf', '{"action":"token_refreshed","actor_id":"64c1b2ea-9ed0-4273-8356-b6c156ae9d6a","actor_username":"test@test.com","actor_via_sso":false,"log_type":"token"}', '2025-06-19 20:36:01.264988+00', ''),
	('00000000-0000-0000-0000-000000000000', '1f93163c-bf59-4c4b-9abe-7f6544e2d909', '{"action":"token_revoked","actor_id":"64c1b2ea-9ed0-4273-8356-b6c156ae9d6a","actor_username":"test@test.com","actor_via_sso":false,"log_type":"token"}', '2025-06-19 20:36:01.266598+00', ''),
	('00000000-0000-0000-0000-000000000000', '225f4cc1-1579-4ded-bffc-38e3fea49be7', '{"action":"token_refreshed","actor_id":"64c1b2ea-9ed0-4273-8356-b6c156ae9d6a","actor_username":"test@test.com","actor_via_sso":false,"log_type":"token"}', '2025-06-19 20:36:01.305422+00', ''),
	('00000000-0000-0000-0000-000000000000', '390713f9-f225-469a-bb4a-257219d5b87b', '{"action":"login","actor_id":"64c1b2ea-9ed0-4273-8356-b6c156ae9d6a","actor_username":"test@test.com","actor_via_sso":false,"log_type":"account","traits":{"provider":"email"}}', '2025-06-19 20:36:28.84239+00', ''),
	('00000000-0000-0000-0000-000000000000', '088e40f1-a1da-4a1d-a982-3cde1a15ac7b', '{"action":"token_refreshed","actor_id":"64c1b2ea-9ed0-4273-8356-b6c156ae9d6a","actor_username":"test@test.com","actor_via_sso":false,"log_type":"token"}', '2025-06-20 16:39:57.885303+00', ''),
	('00000000-0000-0000-0000-000000000000', '31dba9e0-671c-402e-8940-b30af0eb8f16', '{"action":"token_revoked","actor_id":"64c1b2ea-9ed0-4273-8356-b6c156ae9d6a","actor_username":"test@test.com","actor_via_sso":false,"log_type":"token"}', '2025-06-20 16:39:57.88663+00', ''),
	('00000000-0000-0000-0000-000000000000', 'ddf54d13-53fd-44ae-a9cc-2d69c28f6fcd', '{"action":"token_refreshed","actor_id":"64c1b2ea-9ed0-4273-8356-b6c156ae9d6a","actor_username":"test@test.com","actor_via_sso":false,"log_type":"token"}', '2025-06-20 16:39:57.930604+00', ''),
	('00000000-0000-0000-0000-000000000000', '07ea699e-5313-43dd-a393-b7e387f8c7fe', '{"action":"token_refreshed","actor_id":"64c1b2ea-9ed0-4273-8356-b6c156ae9d6a","actor_username":"test@test.com","actor_via_sso":false,"log_type":"token"}', '2025-06-20 17:42:50.599515+00', ''),
	('00000000-0000-0000-0000-000000000000', '64f37cbc-b8fd-4b0c-917a-82eec247112a', '{"action":"token_revoked","actor_id":"64c1b2ea-9ed0-4273-8356-b6c156ae9d6a","actor_username":"test@test.com","actor_via_sso":false,"log_type":"token"}', '2025-06-20 17:42:50.600546+00', ''),
	('00000000-0000-0000-0000-000000000000', '5ba437c6-0995-4bae-b0f2-1aa0de9b8532', '{"action":"login","actor_id":"64c1b2ea-9ed0-4273-8356-b6c156ae9d6a","actor_username":"test@test.com","actor_via_sso":false,"log_type":"account","traits":{"provider":"email"}}', '2025-06-21 16:19:05.683688+00', ''),
	('00000000-0000-0000-0000-000000000000', 'b97575a8-9782-4a1e-b4e2-1389e61737c2', '{"action":"login","actor_id":"64c1b2ea-9ed0-4273-8356-b6c156ae9d6a","actor_username":"test@test.com","actor_via_sso":false,"log_type":"account","traits":{"provider":"email"}}', '2025-06-22 01:33:15.408545+00', ''),
	('00000000-0000-0000-0000-000000000000', '73228c88-1e98-4c6e-82b7-21ed536b3269', '{"action":"token_refreshed","actor_id":"64c1b2ea-9ed0-4273-8356-b6c156ae9d6a","actor_username":"test@test.com","actor_via_sso":false,"log_type":"token"}', '2025-06-22 03:30:45.337898+00', ''),
	('00000000-0000-0000-0000-000000000000', '1b231dc7-c616-4b41-b61a-abdf6d7cdf27', '{"action":"token_revoked","actor_id":"64c1b2ea-9ed0-4273-8356-b6c156ae9d6a","actor_username":"test@test.com","actor_via_sso":false,"log_type":"token"}', '2025-06-22 03:30:45.339305+00', ''),
	('00000000-0000-0000-0000-000000000000', '94b1f554-be1d-45a7-a365-aeae287d0101', '{"action":"token_refreshed","actor_id":"64c1b2ea-9ed0-4273-8356-b6c156ae9d6a","actor_username":"test@test.com","actor_via_sso":false,"log_type":"token"}', '2025-06-22 03:30:45.388305+00', ''),
	('00000000-0000-0000-0000-000000000000', '8352537e-d3cc-406c-8f97-756ea7c1ce66', '{"action":"login","actor_id":"64c1b2ea-9ed0-4273-8356-b6c156ae9d6a","actor_username":"test@test.com","actor_via_sso":false,"log_type":"account","traits":{"provider":"email"}}', '2025-06-24 06:01:12.294623+00', ''),
	('00000000-0000-0000-0000-000000000000', '9369ff81-f1e5-4084-988e-04e8888c6169', '{"action":"logout","actor_id":"64c1b2ea-9ed0-4273-8356-b6c156ae9d6a","actor_username":"test@test.com","actor_via_sso":false,"log_type":"account"}', '2025-06-24 06:20:10.708941+00', ''),
	('00000000-0000-0000-0000-000000000000', '76f13f1e-6407-4968-a10b-700565a9d677', '{"action":"login","actor_id":"64c1b2ea-9ed0-4273-8356-b6c156ae9d6a","actor_username":"test@test.com","actor_via_sso":false,"log_type":"account","traits":{"provider":"email"}}', '2025-06-24 06:27:55.643575+00', ''),
	('00000000-0000-0000-0000-000000000000', 'c0f90092-d097-47bf-9a00-105e9babfd62', '{"action":"login","actor_id":"64c1b2ea-9ed0-4273-8356-b6c156ae9d6a","actor_username":"test@test.com","actor_via_sso":false,"log_type":"account","traits":{"provider":"email"}}', '2025-06-24 22:46:20.738072+00', ''),
	('00000000-0000-0000-0000-000000000000', 'e979900a-6951-4350-b0e4-e144481da367', '{"action":"token_refreshed","actor_id":"64c1b2ea-9ed0-4273-8356-b6c156ae9d6a","actor_username":"test@test.com","actor_via_sso":false,"log_type":"token"}', '2025-06-25 05:20:18.922911+00', ''),
	('00000000-0000-0000-0000-000000000000', '9cda6ae4-e086-4455-ba0b-a6b45afa94f7', '{"action":"token_revoked","actor_id":"64c1b2ea-9ed0-4273-8356-b6c156ae9d6a","actor_username":"test@test.com","actor_via_sso":false,"log_type":"token"}', '2025-06-25 05:20:18.92453+00', ''),
	('00000000-0000-0000-0000-000000000000', 'ed17b03a-afa1-4b24-806a-6200a61b0241', '{"action":"token_refreshed","actor_id":"64c1b2ea-9ed0-4273-8356-b6c156ae9d6a","actor_username":"test@test.com","actor_via_sso":false,"log_type":"token"}', '2025-06-25 05:20:18.970404+00', ''),
	('00000000-0000-0000-0000-000000000000', 'cb52dd68-2e48-413e-935b-1015d21ca663', '{"action":"login","actor_id":"64c1b2ea-9ed0-4273-8356-b6c156ae9d6a","actor_username":"test@test.com","actor_via_sso":false,"log_type":"account","traits":{"provider":"email"}}', '2025-07-01 23:03:56.422228+00', ''),
	('00000000-0000-0000-0000-000000000000', 'f9a0ef8f-1272-4fd2-a270-67d27a05398f', '{"action":"token_refreshed","actor_id":"64c1b2ea-9ed0-4273-8356-b6c156ae9d6a","actor_username":"test@test.com","actor_via_sso":false,"log_type":"token"}', '2025-07-02 03:32:08.348583+00', ''),
	('00000000-0000-0000-0000-000000000000', 'f1a6fa22-c70a-4b9b-bc81-7de1d89f58f3', '{"action":"token_revoked","actor_id":"64c1b2ea-9ed0-4273-8356-b6c156ae9d6a","actor_username":"test@test.com","actor_via_sso":false,"log_type":"token"}', '2025-07-02 03:32:08.352563+00', ''),
	('00000000-0000-0000-0000-000000000000', '5713ed06-dba9-40ee-9cc0-4bbd9eddbc21', '{"action":"token_refreshed","actor_id":"64c1b2ea-9ed0-4273-8356-b6c156ae9d6a","actor_username":"test@test.com","actor_via_sso":false,"log_type":"token"}', '2025-07-02 03:32:08.717279+00', ''),
	('00000000-0000-0000-0000-000000000000', '9ec227a2-c912-45cb-962c-cdd96480ae80', '{"action":"token_refreshed","actor_id":"64c1b2ea-9ed0-4273-8356-b6c156ae9d6a","actor_username":"test@test.com","actor_via_sso":false,"log_type":"token"}', '2025-07-02 04:46:10.261901+00', ''),
	('00000000-0000-0000-0000-000000000000', '5772f2b9-8f94-47c5-b629-5523e48cca30', '{"action":"token_revoked","actor_id":"64c1b2ea-9ed0-4273-8356-b6c156ae9d6a","actor_username":"test@test.com","actor_via_sso":false,"log_type":"token"}', '2025-07-02 04:46:10.263915+00', ''),
	('00000000-0000-0000-0000-000000000000', '543a1145-dc8b-4f21-8b82-0942aac134da', '{"action":"token_refreshed","actor_id":"64c1b2ea-9ed0-4273-8356-b6c156ae9d6a","actor_username":"test@test.com","actor_via_sso":false,"log_type":"token"}', '2025-07-02 04:46:10.63348+00', ''),
	('00000000-0000-0000-0000-000000000000', 'fb87b1f1-f03b-48f2-89a2-527c5eee9360', '{"action":"token_refreshed","actor_id":"64c1b2ea-9ed0-4273-8356-b6c156ae9d6a","actor_username":"test@test.com","actor_via_sso":false,"log_type":"token"}', '2025-07-02 15:28:01.375865+00', ''),
	('00000000-0000-0000-0000-000000000000', '11fb52cb-6dca-4e76-a6d0-ae692f41ebe1', '{"action":"token_revoked","actor_id":"64c1b2ea-9ed0-4273-8356-b6c156ae9d6a","actor_username":"test@test.com","actor_via_sso":false,"log_type":"token"}', '2025-07-02 15:28:01.378674+00', ''),
	('00000000-0000-0000-0000-000000000000', '0da319d7-278a-4287-959e-df55b5492fc6', '{"action":"token_refreshed","actor_id":"64c1b2ea-9ed0-4273-8356-b6c156ae9d6a","actor_username":"test@test.com","actor_via_sso":false,"log_type":"token"}', '2025-07-02 15:28:01.794508+00', ''),
	('00000000-0000-0000-0000-000000000000', '7ca17326-a63a-4c4d-830e-05bd2bbdac21', '{"action":"login","actor_id":"64c1b2ea-9ed0-4273-8356-b6c156ae9d6a","actor_username":"test@test.com","actor_via_sso":false,"log_type":"account","traits":{"provider":"email"}}', '2025-07-02 17:33:04.181517+00', ''),
	('00000000-0000-0000-0000-000000000000', 'ac44281e-adae-464e-a5c6-b5719eb8a8da', '{"action":"login","actor_id":"64c1b2ea-9ed0-4273-8356-b6c156ae9d6a","actor_username":"test@test.com","actor_via_sso":false,"log_type":"account","traits":{"provider":"email"}}', '2025-07-02 17:34:21.540155+00', ''),
	('00000000-0000-0000-0000-000000000000', 'f882912b-a836-46e7-809c-22f48eb1c8be', '{"action":"login","actor_id":"64c1b2ea-9ed0-4273-8356-b6c156ae9d6a","actor_username":"test@test.com","actor_via_sso":false,"log_type":"account","traits":{"provider":"email"}}', '2025-07-02 17:37:31.58659+00', ''),
	('00000000-0000-0000-0000-000000000000', 'f3632a44-5fb0-49fb-bb4a-a7c68f38f119', '{"action":"token_refreshed","actor_id":"64c1b2ea-9ed0-4273-8356-b6c156ae9d6a","actor_username":"test@test.com","actor_via_sso":false,"log_type":"token"}', '2025-07-02 19:11:16.955021+00', ''),
	('00000000-0000-0000-0000-000000000000', '0bb13d7f-de37-4d38-bbf6-b91bb6a0acc2', '{"action":"token_revoked","actor_id":"64c1b2ea-9ed0-4273-8356-b6c156ae9d6a","actor_username":"test@test.com","actor_via_sso":false,"log_type":"token"}', '2025-07-02 19:11:16.955707+00', ''),
	('00000000-0000-0000-0000-000000000000', 'a8234401-2576-411b-b59d-d384d12acb1e', '{"action":"token_refreshed","actor_id":"64c1b2ea-9ed0-4273-8356-b6c156ae9d6a","actor_username":"test@test.com","actor_via_sso":false,"log_type":"token"}', '2025-07-02 19:11:16.984924+00', ''),
	('00000000-0000-0000-0000-000000000000', 'aa595a2a-88b3-4b65-9b1d-23c979e206b5', '{"action":"token_refreshed","actor_id":"64c1b2ea-9ed0-4273-8356-b6c156ae9d6a","actor_username":"test@test.com","actor_via_sso":false,"log_type":"token"}', '2025-07-02 22:48:07.35449+00', ''),
	('00000000-0000-0000-0000-000000000000', '56155f13-e9a7-4975-9cec-2f317416729d', '{"action":"token_revoked","actor_id":"64c1b2ea-9ed0-4273-8356-b6c156ae9d6a","actor_username":"test@test.com","actor_via_sso":false,"log_type":"token"}', '2025-07-02 22:48:07.356479+00', ''),
	('00000000-0000-0000-0000-000000000000', '8935d4b9-9201-4b55-8645-e07106c20029', '{"action":"token_refreshed","actor_id":"64c1b2ea-9ed0-4273-8356-b6c156ae9d6a","actor_username":"test@test.com","actor_via_sso":false,"log_type":"token"}', '2025-07-02 22:48:07.403755+00', ''),
	('00000000-0000-0000-0000-000000000000', '42b081c0-6bd8-4839-8302-56c9c66fc715', '{"action":"token_refreshed","actor_id":"64c1b2ea-9ed0-4273-8356-b6c156ae9d6a","actor_username":"test@test.com","actor_via_sso":false,"log_type":"token"}', '2025-07-04 17:22:22.779468+00', ''),
	('00000000-0000-0000-0000-000000000000', '86f9ca67-7a20-426a-8687-077476efa64e', '{"action":"token_revoked","actor_id":"64c1b2ea-9ed0-4273-8356-b6c156ae9d6a","actor_username":"test@test.com","actor_via_sso":false,"log_type":"token"}', '2025-07-04 17:22:22.780497+00', ''),
	('00000000-0000-0000-0000-000000000000', '41396569-9a51-4281-94e0-4e1a9a574618', '{"action":"token_refreshed","actor_id":"64c1b2ea-9ed0-4273-8356-b6c156ae9d6a","actor_username":"test@test.com","actor_via_sso":false,"log_type":"token"}', '2025-07-04 17:22:22.818961+00', ''),
	('00000000-0000-0000-0000-000000000000', 'e1bc1f6a-a203-4b39-b927-fe79d09c9810', '{"action":"token_refreshed","actor_id":"64c1b2ea-9ed0-4273-8356-b6c156ae9d6a","actor_username":"test@test.com","actor_via_sso":false,"log_type":"token"}', '2025-07-05 00:15:28.351677+00', ''),
	('00000000-0000-0000-0000-000000000000', '8bd1dd00-5916-4436-9311-a30e8fea57df', '{"action":"token_revoked","actor_id":"64c1b2ea-9ed0-4273-8356-b6c156ae9d6a","actor_username":"test@test.com","actor_via_sso":false,"log_type":"token"}', '2025-07-05 00:15:28.353309+00', ''),
	('00000000-0000-0000-0000-000000000000', '6f41a188-b192-4e9f-9017-26a3441327b1', '{"action":"token_refreshed","actor_id":"64c1b2ea-9ed0-4273-8356-b6c156ae9d6a","actor_username":"test@test.com","actor_via_sso":false,"log_type":"token"}', '2025-07-05 00:15:28.386334+00', ''),
	('00000000-0000-0000-0000-000000000000', '37ae7df5-5a76-4073-9401-81edd800c21c', '{"action":"token_refreshed","actor_id":"64c1b2ea-9ed0-4273-8356-b6c156ae9d6a","actor_username":"test@test.com","actor_via_sso":false,"log_type":"token"}', '2025-07-05 02:47:32.098595+00', ''),
	('00000000-0000-0000-0000-000000000000', '1624d9a4-5445-4024-92b3-6aea2117330f', '{"action":"token_revoked","actor_id":"64c1b2ea-9ed0-4273-8356-b6c156ae9d6a","actor_username":"test@test.com","actor_via_sso":false,"log_type":"token"}', '2025-07-05 02:47:32.101337+00', ''),
	('00000000-0000-0000-0000-000000000000', '34f74b1a-bdb6-4271-a9ac-ad83e808acad', '{"action":"token_refreshed","actor_id":"64c1b2ea-9ed0-4273-8356-b6c156ae9d6a","actor_username":"test@test.com","actor_via_sso":false,"log_type":"token"}', '2025-07-05 02:47:32.134649+00', ''),
	('00000000-0000-0000-0000-000000000000', 'b1b9c516-baa0-47c9-bf96-d0e6b2613070', '{"action":"token_refreshed","actor_id":"64c1b2ea-9ed0-4273-8356-b6c156ae9d6a","actor_username":"test@test.com","actor_via_sso":false,"log_type":"token"}', '2025-07-05 04:18:55.076771+00', ''),
	('00000000-0000-0000-0000-000000000000', 'baabeea1-834e-49ca-b588-cbab6e2da1af', '{"action":"token_revoked","actor_id":"64c1b2ea-9ed0-4273-8356-b6c156ae9d6a","actor_username":"test@test.com","actor_via_sso":false,"log_type":"token"}', '2025-07-05 04:18:55.079041+00', ''),
	('00000000-0000-0000-0000-000000000000', '9246ec07-594d-4a82-8bc7-285be32a8b37', '{"action":"token_refreshed","actor_id":"64c1b2ea-9ed0-4273-8356-b6c156ae9d6a","actor_username":"test@test.com","actor_via_sso":false,"log_type":"token"}', '2025-07-05 04:18:55.111534+00', ''),
	('00000000-0000-0000-0000-000000000000', '84efade4-c531-416f-a2b2-bc6b375d1316', '{"action":"token_refreshed","actor_id":"64c1b2ea-9ed0-4273-8356-b6c156ae9d6a","actor_username":"test@test.com","actor_via_sso":false,"log_type":"token"}', '2025-07-05 05:17:30.298841+00', ''),
	('00000000-0000-0000-0000-000000000000', '1be7863d-77e5-45da-b08b-8ec9eef817de', '{"action":"token_revoked","actor_id":"64c1b2ea-9ed0-4273-8356-b6c156ae9d6a","actor_username":"test@test.com","actor_via_sso":false,"log_type":"token"}', '2025-07-05 05:17:30.301397+00', ''),
	('00000000-0000-0000-0000-000000000000', '2e953a60-9b8c-4dac-bead-b838462d1dc8', '{"action":"token_refreshed","actor_id":"64c1b2ea-9ed0-4273-8356-b6c156ae9d6a","actor_username":"test@test.com","actor_via_sso":false,"log_type":"token"}', '2025-07-05 20:44:47.025934+00', ''),
	('00000000-0000-0000-0000-000000000000', 'b7bfa78b-fb2f-4772-9386-a716d4e3ef34', '{"action":"token_revoked","actor_id":"64c1b2ea-9ed0-4273-8356-b6c156ae9d6a","actor_username":"test@test.com","actor_via_sso":false,"log_type":"token"}', '2025-07-05 20:44:47.031556+00', ''),
	('00000000-0000-0000-0000-000000000000', '2658e660-c906-4e9c-95f2-a837434b0cfa', '{"action":"token_refreshed","actor_id":"64c1b2ea-9ed0-4273-8356-b6c156ae9d6a","actor_username":"test@test.com","actor_via_sso":false,"log_type":"token"}', '2025-07-05 20:44:47.063377+00', ''),
	('00000000-0000-0000-0000-000000000000', '7c57d58e-1724-4aeb-ac27-365f22b1f022', '{"action":"token_refreshed","actor_id":"64c1b2ea-9ed0-4273-8356-b6c156ae9d6a","actor_username":"test@test.com","actor_via_sso":false,"log_type":"token"}', '2025-07-05 21:46:21.727178+00', ''),
	('00000000-0000-0000-0000-000000000000', '452f51ab-7761-4d35-b9dc-60f470bbe25a', '{"action":"token_revoked","actor_id":"64c1b2ea-9ed0-4273-8356-b6c156ae9d6a","actor_username":"test@test.com","actor_via_sso":false,"log_type":"token"}', '2025-07-05 21:46:21.72955+00', ''),
	('00000000-0000-0000-0000-000000000000', '0f49ada7-56a3-4a03-8729-4267c8e9ca4e', '{"action":"token_refreshed","actor_id":"64c1b2ea-9ed0-4273-8356-b6c156ae9d6a","actor_username":"test@test.com","actor_via_sso":false,"log_type":"token"}', '2025-07-09 23:59:25.904359+00', ''),
	('00000000-0000-0000-0000-000000000000', '0b80350d-259a-40b6-8be8-5c028a58a9c1', '{"action":"token_revoked","actor_id":"64c1b2ea-9ed0-4273-8356-b6c156ae9d6a","actor_username":"test@test.com","actor_via_sso":false,"log_type":"token"}', '2025-07-09 23:59:25.911962+00', ''),
	('00000000-0000-0000-0000-000000000000', '3c00200a-1778-4c06-b400-6ac2e9ee5b26', '{"action":"token_refreshed","actor_id":"64c1b2ea-9ed0-4273-8356-b6c156ae9d6a","actor_username":"test@test.com","actor_via_sso":false,"log_type":"token"}', '2025-07-09 23:59:25.95626+00', ''),
	('00000000-0000-0000-0000-000000000000', '2ba7dc7a-7d6e-4467-8d19-6f52dd9e84c3', '{"action":"token_refreshed","actor_id":"64c1b2ea-9ed0-4273-8356-b6c156ae9d6a","actor_username":"test@test.com","actor_via_sso":false,"log_type":"token"}', '2025-07-10 02:08:56.938323+00', ''),
	('00000000-0000-0000-0000-000000000000', 'b5a1f829-499d-40a0-80c3-9c4f81545458', '{"action":"token_revoked","actor_id":"64c1b2ea-9ed0-4273-8356-b6c156ae9d6a","actor_username":"test@test.com","actor_via_sso":false,"log_type":"token"}', '2025-07-10 02:08:56.939597+00', ''),
	('00000000-0000-0000-0000-000000000000', '64c5fb7b-3a7e-4e3a-943a-e8123353d7d1', '{"action":"token_refreshed","actor_id":"64c1b2ea-9ed0-4273-8356-b6c156ae9d6a","actor_username":"test@test.com","actor_via_sso":false,"log_type":"token"}', '2025-07-10 02:08:56.974228+00', ''),
	('00000000-0000-0000-0000-000000000000', '0feb4f4c-ac57-45d3-99b0-41ecf2c8df0d', '{"action":"token_refreshed","actor_id":"64c1b2ea-9ed0-4273-8356-b6c156ae9d6a","actor_username":"test@test.com","actor_via_sso":false,"log_type":"token"}', '2025-07-10 03:07:29.582103+00', ''),
	('00000000-0000-0000-0000-000000000000', 'f97aea5f-da00-4ec1-a1c0-36cd0d563ef1', '{"action":"token_revoked","actor_id":"64c1b2ea-9ed0-4273-8356-b6c156ae9d6a","actor_username":"test@test.com","actor_via_sso":false,"log_type":"token"}', '2025-07-10 03:07:29.58286+00', ''),
	('00000000-0000-0000-0000-000000000000', '661e1a3c-ea08-44af-a4b9-024843b8ce38', '{"action":"token_refreshed","actor_id":"64c1b2ea-9ed0-4273-8356-b6c156ae9d6a","actor_username":"test@test.com","actor_via_sso":false,"log_type":"token"}', '2025-07-12 21:49:17.124014+00', ''),
	('00000000-0000-0000-0000-000000000000', '9e52e8af-017e-4ed4-b707-1cd57a2d0bb0', '{"action":"token_revoked","actor_id":"64c1b2ea-9ed0-4273-8356-b6c156ae9d6a","actor_username":"test@test.com","actor_via_sso":false,"log_type":"token"}', '2025-07-12 21:49:17.124741+00', ''),
	('00000000-0000-0000-0000-000000000000', '03ad8578-dbcf-4011-b23f-baf7166ba9a2', '{"action":"token_refreshed","actor_id":"64c1b2ea-9ed0-4273-8356-b6c156ae9d6a","actor_username":"test@test.com","actor_via_sso":false,"log_type":"token"}', '2025-07-12 21:49:17.158957+00', ''),
	('00000000-0000-0000-0000-000000000000', '38852a1c-2d09-498e-b3e5-81357a8de45e', '{"action":"token_refreshed","actor_id":"64c1b2ea-9ed0-4273-8356-b6c156ae9d6a","actor_username":"test@test.com","actor_via_sso":false,"log_type":"token"}', '2025-07-13 00:09:02.594344+00', ''),
	('00000000-0000-0000-0000-000000000000', '8e8f9a85-249b-4be8-8be3-4486f0f791e0', '{"action":"token_revoked","actor_id":"64c1b2ea-9ed0-4273-8356-b6c156ae9d6a","actor_username":"test@test.com","actor_via_sso":false,"log_type":"token"}', '2025-07-13 00:09:02.600072+00', ''),
	('00000000-0000-0000-0000-000000000000', '9c1005dd-d38b-4f24-83ee-71b68b5c831c', '{"action":"token_refreshed","actor_id":"64c1b2ea-9ed0-4273-8356-b6c156ae9d6a","actor_username":"test@test.com","actor_via_sso":false,"log_type":"token"}', '2025-07-13 00:09:02.77138+00', ''),
	('00000000-0000-0000-0000-000000000000', '702b4c5e-2783-4321-8ad3-671a1fa799cf', '{"action":"token_refreshed","actor_id":"64c1b2ea-9ed0-4273-8356-b6c156ae9d6a","actor_username":"test@test.com","actor_via_sso":false,"log_type":"token"}', '2025-07-13 01:08:38.023312+00', ''),
	('00000000-0000-0000-0000-000000000000', '746c3d24-a0af-47a4-8be0-715502a396ef', '{"action":"token_revoked","actor_id":"64c1b2ea-9ed0-4273-8356-b6c156ae9d6a","actor_username":"test@test.com","actor_via_sso":false,"log_type":"token"}', '2025-07-13 01:08:38.025627+00', ''),
	('00000000-0000-0000-0000-000000000000', '6114f238-1bb8-411e-9a06-015cf27542fe', '{"action":"token_refreshed","actor_id":"64c1b2ea-9ed0-4273-8356-b6c156ae9d6a","actor_username":"test@test.com","actor_via_sso":false,"log_type":"token"}', '2025-07-13 02:25:06.870449+00', ''),
	('00000000-0000-0000-0000-000000000000', 'a89d3cba-7407-44e3-9213-22ee967da0fd', '{"action":"token_revoked","actor_id":"64c1b2ea-9ed0-4273-8356-b6c156ae9d6a","actor_username":"test@test.com","actor_via_sso":false,"log_type":"token"}', '2025-07-13 02:25:06.87168+00', ''),
	('00000000-0000-0000-0000-000000000000', 'bc8d20e7-805c-458d-a919-c70787cff27b', '{"action":"token_refreshed","actor_id":"64c1b2ea-9ed0-4273-8356-b6c156ae9d6a","actor_username":"test@test.com","actor_via_sso":false,"log_type":"token"}', '2025-07-13 02:25:06.897296+00', ''),
	('00000000-0000-0000-0000-000000000000', '07738171-08f7-4714-a139-c9f9297d0953', '{"action":"token_refreshed","actor_id":"64c1b2ea-9ed0-4273-8356-b6c156ae9d6a","actor_username":"test@test.com","actor_via_sso":false,"log_type":"token"}', '2025-07-13 02:27:00.547398+00', ''),
	('00000000-0000-0000-0000-000000000000', 'f78374e4-d30f-48b9-b142-17da86d95bde', '{"action":"token_refreshed","actor_id":"64c1b2ea-9ed0-4273-8356-b6c156ae9d6a","actor_username":"test@test.com","actor_via_sso":false,"log_type":"token"}', '2025-07-13 03:48:41.097742+00', ''),
	('00000000-0000-0000-0000-000000000000', '5832640a-40e4-46d6-a763-b181ab599e36', '{"action":"token_revoked","actor_id":"64c1b2ea-9ed0-4273-8356-b6c156ae9d6a","actor_username":"test@test.com","actor_via_sso":false,"log_type":"token"}', '2025-07-13 03:48:41.098977+00', ''),
	('00000000-0000-0000-0000-000000000000', 'a6684251-40e8-479a-b49d-0bd2de3254d3', '{"action":"token_refreshed","actor_id":"64c1b2ea-9ed0-4273-8356-b6c156ae9d6a","actor_username":"test@test.com","actor_via_sso":false,"log_type":"token"}', '2025-07-13 04:51:00.573136+00', ''),
	('00000000-0000-0000-0000-000000000000', 'cfb756f8-0085-4edc-88b4-97490900557e', '{"action":"token_revoked","actor_id":"64c1b2ea-9ed0-4273-8356-b6c156ae9d6a","actor_username":"test@test.com","actor_via_sso":false,"log_type":"token"}', '2025-07-13 04:51:00.575573+00', '');


--
-- Data for Name: flow_state; Type: TABLE DATA; Schema: auth; Owner: supabase_auth_admin
--



--
-- Data for Name: users; Type: TABLE DATA; Schema: auth; Owner: supabase_auth_admin
--

INSERT INTO "auth"."users" ("instance_id", "id", "aud", "role", "email", "encrypted_password", "email_confirmed_at", "invited_at", "confirmation_token", "confirmation_sent_at", "recovery_token", "recovery_sent_at", "email_change_token_new", "email_change", "email_change_sent_at", "last_sign_in_at", "raw_app_meta_data", "raw_user_meta_data", "is_super_admin", "created_at", "updated_at", "phone", "phone_confirmed_at", "phone_change", "phone_change_token", "phone_change_sent_at", "email_change_token_current", "email_change_confirm_status", "banned_until", "reauthentication_token", "reauthentication_sent_at", "is_sso_user", "deleted_at", "is_anonymous") VALUES
	('00000000-0000-0000-0000-000000000000', '64c1b2ea-9ed0-4273-8356-b6c156ae9d6a', 'authenticated', 'authenticated', 'test@test.com', '$2a$06$0./BnpfuDJRQDWHH4OfzoOLK.T9omU2ae3muytlEFJHOzmDQVbkmG', '2025-06-18 22:07:58.136313+00', NULL, '', NULL, '', '2025-06-18 22:07:58.136313+00', '', '', NULL, '2025-07-02 17:37:31.587264+00', '{"provider": "email", "providers": ["email"]}', '{}', NULL, '2025-06-18 22:07:58.136313+00', '2025-07-13 04:51:00.579612+00', NULL, NULL, '', '', NULL, '', 0, NULL, '', NULL, false, NULL, false);


--
-- Data for Name: identities; Type: TABLE DATA; Schema: auth; Owner: supabase_auth_admin
--

INSERT INTO "auth"."identities" ("provider_id", "user_id", "identity_data", "provider", "last_sign_in_at", "created_at", "updated_at", "id") VALUES
	('64c1b2ea-9ed0-4273-8356-b6c156ae9d6a', '64c1b2ea-9ed0-4273-8356-b6c156ae9d6a', '{"sub": "64c1b2ea-9ed0-4273-8356-b6c156ae9d6a", "email": "test@test.com"}', 'email', '2025-06-18 22:07:58.136313+00', '2025-06-18 22:07:58.136313+00', '2025-06-18 22:07:58.136313+00', '8246f2d7-e8e8-4ccb-9142-99eb11c1abb1');


--
-- Data for Name: instances; Type: TABLE DATA; Schema: auth; Owner: supabase_auth_admin
--



--
-- Data for Name: sessions; Type: TABLE DATA; Schema: auth; Owner: supabase_auth_admin
--

INSERT INTO "auth"."sessions" ("id", "user_id", "created_at", "updated_at", "factor_id", "aal", "not_after", "refreshed_at", "user_agent", "ip", "tag") VALUES
	('03bf0571-3170-4d0f-8b47-365ea19ca922', '64c1b2ea-9ed0-4273-8356-b6c156ae9d6a', '2025-06-24 06:27:55.646764+00', '2025-06-24 06:27:55.646764+00', NULL, 'aal1', NULL, NULL, 'node', '192.168.65.1', NULL),
	('d70c5cdc-f402-466d-ac92-73e932a0a6e3', '64c1b2ea-9ed0-4273-8356-b6c156ae9d6a', '2025-06-24 22:46:20.739183+00', '2025-06-25 05:20:18.970842+00', NULL, 'aal1', NULL, '2025-06-25 05:20:18.970816', 'Next.js Middleware', '192.168.65.1', NULL),
	('0f79b4ad-1d90-4941-acba-5b37b5b715e4', '64c1b2ea-9ed0-4273-8356-b6c156ae9d6a', '2025-07-01 23:03:56.42822+00', '2025-07-02 15:28:01.796142+00', NULL, 'aal1', NULL, '2025-07-02 15:28:01.796065', 'Next.js Middleware', '24.242.137.154', NULL),
	('da75fd93-009b-45a2-a456-7b6ff59ae039', '64c1b2ea-9ed0-4273-8356-b6c156ae9d6a', '2025-07-02 17:33:04.184055+00', '2025-07-02 17:33:04.184055+00', NULL, 'aal1', NULL, NULL, 'node', '24.242.137.154', NULL),
	('94294c7a-0595-4bf5-a6b7-d6d2c6e44605', '64c1b2ea-9ed0-4273-8356-b6c156ae9d6a', '2025-07-02 17:34:21.541708+00', '2025-07-02 17:34:21.541708+00', NULL, 'aal1', NULL, NULL, 'node', '24.242.137.154', NULL),
	('5e6bc396-db77-42b9-91ee-de4ae6473c0c', '64c1b2ea-9ed0-4273-8356-b6c156ae9d6a', '2025-07-02 17:37:31.587356+00', '2025-07-13 04:51:00.581479+00', NULL, 'aal1', NULL, '2025-07-13 04:51:00.58128', 'Next.js Middleware', '192.168.65.1', NULL);


--
-- Data for Name: mfa_amr_claims; Type: TABLE DATA; Schema: auth; Owner: supabase_auth_admin
--

INSERT INTO "auth"."mfa_amr_claims" ("session_id", "created_at", "updated_at", "authentication_method", "id") VALUES
	('03bf0571-3170-4d0f-8b47-365ea19ca922', '2025-06-24 06:27:55.653259+00', '2025-06-24 06:27:55.653259+00', 'password', 'f88e6773-55ee-4f79-acd2-6827918e3d8c'),
	('d70c5cdc-f402-466d-ac92-73e932a0a6e3', '2025-06-24 22:46:20.741359+00', '2025-06-24 22:46:20.741359+00', 'password', 'b15dd388-1f92-42da-8410-8c19c8941481'),
	('0f79b4ad-1d90-4941-acba-5b37b5b715e4', '2025-07-01 23:03:56.438892+00', '2025-07-01 23:03:56.438892+00', 'password', 'ee61cd47-5c8c-4fc4-95b1-de8cd29b7651'),
	('da75fd93-009b-45a2-a456-7b6ff59ae039', '2025-07-02 17:33:04.190172+00', '2025-07-02 17:33:04.190172+00', 'password', '5f7e1e6e-a8dd-429c-aef0-71ff78458376'),
	('94294c7a-0595-4bf5-a6b7-d6d2c6e44605', '2025-07-02 17:34:21.544736+00', '2025-07-02 17:34:21.544736+00', 'password', '8f0fe46f-97e2-44f0-ae25-f7000b1a8a74'),
	('5e6bc396-db77-42b9-91ee-de4ae6473c0c', '2025-07-02 17:37:31.59158+00', '2025-07-02 17:37:31.59158+00', 'password', '98480d06-7125-4edd-b371-9710c90a78a0');


--
-- Data for Name: mfa_factors; Type: TABLE DATA; Schema: auth; Owner: supabase_auth_admin
--



--
-- Data for Name: mfa_challenges; Type: TABLE DATA; Schema: auth; Owner: supabase_auth_admin
--



--
-- Data for Name: one_time_tokens; Type: TABLE DATA; Schema: auth; Owner: supabase_auth_admin
--



--
-- Data for Name: refresh_tokens; Type: TABLE DATA; Schema: auth; Owner: supabase_auth_admin
--

INSERT INTO "auth"."refresh_tokens" ("instance_id", "id", "token", "user_id", "revoked", "created_at", "updated_at", "parent", "session_id") VALUES
	('00000000-0000-0000-0000-000000000000', 21, 'tafflqrm7oxn', '64c1b2ea-9ed0-4273-8356-b6c156ae9d6a', false, '2025-06-24 06:27:55.649037+00', '2025-06-24 06:27:55.649037+00', NULL, '03bf0571-3170-4d0f-8b47-365ea19ca922'),
	('00000000-0000-0000-0000-000000000000', 22, 'nmauxbffevgr', '64c1b2ea-9ed0-4273-8356-b6c156ae9d6a', true, '2025-06-24 22:46:20.739911+00', '2025-06-25 05:20:18.925093+00', NULL, 'd70c5cdc-f402-466d-ac92-73e932a0a6e3'),
	('00000000-0000-0000-0000-000000000000', 23, 'glxvjhvivipc', '64c1b2ea-9ed0-4273-8356-b6c156ae9d6a', false, '2025-06-25 05:20:18.929096+00', '2025-06-25 05:20:18.929096+00', 'nmauxbffevgr', 'd70c5cdc-f402-466d-ac92-73e932a0a6e3'),
	('00000000-0000-0000-0000-000000000000', 24, '2ukntdm25qw6', '64c1b2ea-9ed0-4273-8356-b6c156ae9d6a', true, '2025-07-01 23:03:56.434861+00', '2025-07-02 03:32:08.352912+00', NULL, '0f79b4ad-1d90-4941-acba-5b37b5b715e4'),
	('00000000-0000-0000-0000-000000000000', 25, '2v4mftwd66na', '64c1b2ea-9ed0-4273-8356-b6c156ae9d6a', true, '2025-07-02 03:32:08.355685+00', '2025-07-02 04:46:10.264176+00', '2ukntdm25qw6', '0f79b4ad-1d90-4941-acba-5b37b5b715e4'),
	('00000000-0000-0000-0000-000000000000', 26, 'q5uxumvhfvf6', '64c1b2ea-9ed0-4273-8356-b6c156ae9d6a', true, '2025-07-02 04:46:10.265044+00', '2025-07-02 15:28:01.378878+00', '2v4mftwd66na', '0f79b4ad-1d90-4941-acba-5b37b5b715e4'),
	('00000000-0000-0000-0000-000000000000', 27, '7bcgzfsksl2m', '64c1b2ea-9ed0-4273-8356-b6c156ae9d6a', false, '2025-07-02 15:28:01.380778+00', '2025-07-02 15:28:01.380778+00', 'q5uxumvhfvf6', '0f79b4ad-1d90-4941-acba-5b37b5b715e4'),
	('00000000-0000-0000-0000-000000000000', 28, 'jk4v7o43fugd', '64c1b2ea-9ed0-4273-8356-b6c156ae9d6a', false, '2025-07-02 17:33:04.18642+00', '2025-07-02 17:33:04.18642+00', NULL, 'da75fd93-009b-45a2-a456-7b6ff59ae039'),
	('00000000-0000-0000-0000-000000000000', 29, 'm7rnz7nqf257', '64c1b2ea-9ed0-4273-8356-b6c156ae9d6a', false, '2025-07-02 17:34:21.54306+00', '2025-07-02 17:34:21.54306+00', NULL, '94294c7a-0595-4bf5-a6b7-d6d2c6e44605'),
	('00000000-0000-0000-0000-000000000000', 30, 'qquojsyiwwvf', '64c1b2ea-9ed0-4273-8356-b6c156ae9d6a', true, '2025-07-02 17:37:31.59052+00', '2025-07-02 19:11:16.955899+00', NULL, '5e6bc396-db77-42b9-91ee-de4ae6473c0c'),
	('00000000-0000-0000-0000-000000000000', 31, 'hn5o4yvd6iql', '64c1b2ea-9ed0-4273-8356-b6c156ae9d6a', true, '2025-07-02 19:11:16.956737+00', '2025-07-02 22:48:07.356659+00', 'qquojsyiwwvf', '5e6bc396-db77-42b9-91ee-de4ae6473c0c'),
	('00000000-0000-0000-0000-000000000000', 32, '67q47aohmhmx', '64c1b2ea-9ed0-4273-8356-b6c156ae9d6a', true, '2025-07-02 22:48:07.357108+00', '2025-07-04 17:22:22.780738+00', 'hn5o4yvd6iql', '5e6bc396-db77-42b9-91ee-de4ae6473c0c'),
	('00000000-0000-0000-0000-000000000000', 33, '32ah7gykrugf', '64c1b2ea-9ed0-4273-8356-b6c156ae9d6a', true, '2025-07-04 17:22:22.78155+00', '2025-07-05 00:15:28.353518+00', '67q47aohmhmx', '5e6bc396-db77-42b9-91ee-de4ae6473c0c'),
	('00000000-0000-0000-0000-000000000000', 34, 'n6wbb4544stq', '64c1b2ea-9ed0-4273-8356-b6c156ae9d6a', true, '2025-07-05 00:15:28.354591+00', '2025-07-05 02:47:32.101587+00', '32ah7gykrugf', '5e6bc396-db77-42b9-91ee-de4ae6473c0c'),
	('00000000-0000-0000-0000-000000000000', 35, 'dayw4rxwll2k', '64c1b2ea-9ed0-4273-8356-b6c156ae9d6a', true, '2025-07-05 02:47:32.102229+00', '2025-07-05 04:18:55.080451+00', 'n6wbb4544stq', '5e6bc396-db77-42b9-91ee-de4ae6473c0c'),
	('00000000-0000-0000-0000-000000000000', 36, 'ymog2nhpmyf7', '64c1b2ea-9ed0-4273-8356-b6c156ae9d6a', true, '2025-07-05 04:18:55.082463+00', '2025-07-05 05:17:30.301773+00', 'dayw4rxwll2k', '5e6bc396-db77-42b9-91ee-de4ae6473c0c'),
	('00000000-0000-0000-0000-000000000000', 37, 'f576o35arp6b', '64c1b2ea-9ed0-4273-8356-b6c156ae9d6a', true, '2025-07-05 05:17:30.303521+00', '2025-07-05 20:44:47.032342+00', 'ymog2nhpmyf7', '5e6bc396-db77-42b9-91ee-de4ae6473c0c'),
	('00000000-0000-0000-0000-000000000000', 38, 'q5o7uc5zjsre', '64c1b2ea-9ed0-4273-8356-b6c156ae9d6a', true, '2025-07-05 20:44:47.038506+00', '2025-07-05 21:46:21.729822+00', 'f576o35arp6b', '5e6bc396-db77-42b9-91ee-de4ae6473c0c'),
	('00000000-0000-0000-0000-000000000000', 39, 'kjgtqcjsonky', '64c1b2ea-9ed0-4273-8356-b6c156ae9d6a', true, '2025-07-05 21:46:21.732537+00', '2025-07-09 23:59:25.914437+00', 'q5o7uc5zjsre', '5e6bc396-db77-42b9-91ee-de4ae6473c0c'),
	('00000000-0000-0000-0000-000000000000', 40, '356a5y3yqg6y', '64c1b2ea-9ed0-4273-8356-b6c156ae9d6a', true, '2025-07-09 23:59:25.916072+00', '2025-07-10 02:08:56.939803+00', 'kjgtqcjsonky', '5e6bc396-db77-42b9-91ee-de4ae6473c0c'),
	('00000000-0000-0000-0000-000000000000', 41, '5ny2sfrxudbu', '64c1b2ea-9ed0-4273-8356-b6c156ae9d6a', true, '2025-07-10 02:08:56.940294+00', '2025-07-10 03:07:29.583296+00', '356a5y3yqg6y', '5e6bc396-db77-42b9-91ee-de4ae6473c0c'),
	('00000000-0000-0000-0000-000000000000', 42, 'wxpbmnsamvjk', '64c1b2ea-9ed0-4273-8356-b6c156ae9d6a', true, '2025-07-10 03:07:29.583742+00', '2025-07-12 21:49:17.124942+00', '5ny2sfrxudbu', '5e6bc396-db77-42b9-91ee-de4ae6473c0c'),
	('00000000-0000-0000-0000-000000000000', 43, 'gihptunzkwna', '64c1b2ea-9ed0-4273-8356-b6c156ae9d6a', true, '2025-07-12 21:49:17.125818+00', '2025-07-13 00:09:02.605877+00', 'wxpbmnsamvjk', '5e6bc396-db77-42b9-91ee-de4ae6473c0c'),
	('00000000-0000-0000-0000-000000000000', 44, 'hrmahmrg5fpv', '64c1b2ea-9ed0-4273-8356-b6c156ae9d6a', true, '2025-07-13 00:09:02.608678+00', '2025-07-13 01:08:38.025887+00', 'gihptunzkwna', '5e6bc396-db77-42b9-91ee-de4ae6473c0c'),
	('00000000-0000-0000-0000-000000000000', 45, '7dlpoxj6rywa', '64c1b2ea-9ed0-4273-8356-b6c156ae9d6a', true, '2025-07-13 01:08:38.029897+00', '2025-07-13 02:25:06.871922+00', 'hrmahmrg5fpv', '5e6bc396-db77-42b9-91ee-de4ae6473c0c'),
	('00000000-0000-0000-0000-000000000000', 46, 'y3twsdmf4t5j', '64c1b2ea-9ed0-4273-8356-b6c156ae9d6a', true, '2025-07-13 02:25:06.872507+00', '2025-07-13 03:48:41.099192+00', '7dlpoxj6rywa', '5e6bc396-db77-42b9-91ee-de4ae6473c0c'),
	('00000000-0000-0000-0000-000000000000', 47, 'hzzrm7iqhidg', '64c1b2ea-9ed0-4273-8356-b6c156ae9d6a', true, '2025-07-13 03:48:41.100513+00', '2025-07-13 04:51:00.575919+00', 'y3twsdmf4t5j', '5e6bc396-db77-42b9-91ee-de4ae6473c0c'),
	('00000000-0000-0000-0000-000000000000', 48, 'mrzvevrn2iqk', '64c1b2ea-9ed0-4273-8356-b6c156ae9d6a', false, '2025-07-13 04:51:00.578038+00', '2025-07-13 04:51:00.578038+00', 'hzzrm7iqhidg', '5e6bc396-db77-42b9-91ee-de4ae6473c0c');


--
-- Data for Name: sso_providers; Type: TABLE DATA; Schema: auth; Owner: supabase_auth_admin
--



--
-- Data for Name: saml_providers; Type: TABLE DATA; Schema: auth; Owner: supabase_auth_admin
--



--
-- Data for Name: saml_relay_states; Type: TABLE DATA; Schema: auth; Owner: supabase_auth_admin
--



--
-- Data for Name: sso_domains; Type: TABLE DATA; Schema: auth; Owner: supabase_auth_admin
--



--
-- Data for Name: allergens; Type: TABLE DATA; Schema: public; Owner: postgres
--



--
-- Data for Name: app_information; Type: TABLE DATA; Schema: public; Owner: postgres
--

INSERT INTO "public"."app_information" ("id", "about_title", "about_description", "credits_contributors", "support_links", "created_at", "updated_at", "app_version") VALUES
	('987e7606-c084-4b71-b583-f972b8f31b0f', 'About UT Dining', 'UT Dining is your companion app for exploring dining options at the University of Texas at Austin. Browse menus, check dining hours, and find the perfect meal on campus.', '[{"id": "1752383801390", "name": "Vina Do", "order": 1}, {"id": "1751429646841", "name": "Austin Tran", "order": 2}, {"id": "1751429683238", "name": "Chetan Gorantla", "order": 3}, {"id": "1751429651538", "name": "Ali Vayani", "order": 4}, {"id": "1751429639255", "name": "David Nguyen", "order": 5}]', '[{"id": "17514297261920", "url": "mailto:ethanlanting@gmail.com", "label": "Contact Support", "order": 1}, {"id": "17514297261921", "url": "https://longhorn-developers.github.io/ut-dining-website/faq", "label": "FAQ", "order": 2}, {"id": "17514297261922", "url": "https://longhorn-developers.github.io/ut-dining-website/privacy-policy", "label": "Privacy Policy", "order": 3}, {"id": "17514297261923", "url": "https://github.com/Longhorn-Developers/UT-Dining", "label": "Source Code", "order": 4}]', '2025-07-02 04:12:54.44+00', '2025-07-13 05:17:32.03', '1.2.1');


--
-- Data for Name: location_type; Type: TABLE DATA; Schema: public; Owner: postgres
--

INSERT INTO "public"."location_type" ("id", "name", "created_at", "updated_at", "display_order") VALUES
	('131bb0cb-a083-40e2-bbe2-4bc6044dd8a7', 'Convenience Store', '2025-06-19 06:02:38.275971+00', '2025-06-19 06:02:38.275971+00', 4),
	('20be80f1-7e87-424e-a7b8-801c80aca477', 'Dining Hall', '2025-06-19 06:02:38.275971+00', '2025-06-19 06:02:38.275971+00', 0),
	('a82aa62e-9860-46e3-991b-cf6ba41fdb4d', 'Food Truck', '2025-07-12 22:38:31.723011+00', '2025-07-12 22:38:31.723011+00', 2),
	('1193411e-6aba-4941-a611-fc9eb7546757', 'Coffee Shop', '2025-06-19 06:02:38.275971+00', '2025-06-19 06:02:38.275971+00', 3),
	('dc1bae58-29a1-4c1f-829e-d0c3e2ed4479', 'Food & Drink', '2025-06-19 06:02:38.275971+00', '2025-06-19 06:02:38.275971+00', 1);


--
-- Data for Name: location; Type: TABLE DATA; Schema: public; Owner: postgres
--

INSERT INTO "public"."location" ("id", "name", "colloquial_name", "description", "address", "type_id", "regular_service_hours", "methods_of_payment", "meal_times", "google_maps_link", "apple_maps_link", "image", "created_at", "updated_at", "force_close", "has_menus", "display_order", "latitude", "longitude") VALUES
	('f3c360e0-92ad-4564-bb25-88f60d8b85da', 'Shake Smart — Union', NULL, 'Find freshly blended protein shakes, cold brew coffee and quick nutritious bites at this Texas Union location of the health food chain.

Make Shake Smart your one-stop shop for pre- and post-gym fuel and a regular destination for when you’re on the go. Located in the second floor food court.', '2308 Whitis Avenue Austin, TX 78712', 'dc1bae58-29a1-4c1f-829e-d0c3e2ed4479', '{"friday": {"isClosed": true, "timeRanges": [{"open": 700, "close": 1000}]}, "monday": {"isClosed": false, "timeRanges": [{"open": 700, "close": 1000}]}, "sunday": {"isClosed": true, "timeRanges": [{"open": 700, "close": 1000}]}, "tuesday": {"isClosed": true, "timeRanges": [{"open": 700, "close": 1000}]}, "saturday": {"isClosed": true, "timeRanges": [{"open": 700, "close": 1000}]}, "thursday": {"isClosed": true, "timeRanges": [{"open": 700, "close": 1000}]}, "wednesday": {"isClosed": true, "timeRanges": [{"open": 700, "close": 1000}]}}', '{Credit/Debit,"Bevo Pay",Cash,"Dine In Dollars"}', '{}', 'https://www.google.com/maps/search/?api=1&query=%2B2308%2BWhitis%2BAvenue%2BAustin%2C%2BTX%2B78712%2BUnited%2BStates', 'https://maps.apple.com/?address=2308%20Whitis%20Ave,%20Austin,%20TX%20%2078712,%20United%20States&ll=30.286619,-97.741141&q=2308%20Whitis%20Ave', 'https://universityunions.utexas.edu/sites/default/files/styles/utexas_image_style_900w/public/2023-06/smart.png?itok=8uNFATMa', '2025-07-13 05:35:23.467331+00', '2025-07-13 05:35:59.294+00', true, false, 24, 30.2865267, -97.7411533),
	('266222aa-046a-41a8-96b4-5b614665c17e', 'One Twenty 5 Cafè', NULL, ' One Twenty 5 Café offers made-to-order coffee drinks and grab-and-go staples that will keep you fueled and caffeinated while you’re on the go. Items in the refrigerators are available for purchase at the Spirit Gift Shop or Front Desk when the café is closed.

Located on the hotel side lobby level (Level L), across from The Spirit Gift Shop.', '1900 University Ave. Austin, TX 78705', '1193411e-6aba-4941-a611-fc9eb7546757', '{"friday": {"isClosed": false, "timeRanges": [{"open": 630, "close": 1300}]}, "monday": {"isClosed": false, "timeRanges": [{"open": 630, "close": 1300}]}, "sunday": {"isClosed": false, "timeRanges": [{"open": 630, "close": 1300}]}, "tuesday": {"isClosed": false, "timeRanges": [{"open": 630, "close": 1300}]}, "saturday": {"isClosed": false, "timeRanges": [{"open": 630, "close": 1300}]}, "thursday": {"isClosed": false, "timeRanges": [{"open": 630, "close": 1300}]}, "wednesday": {"isClosed": false, "timeRanges": [{"open": 630, "close": 1300}]}}', '{Credit/Debit,Cash}', '{}', 'https://www.google.com/maps/dir//30.28197821,-97.74045003/@30.28197821,-97.74045003,17z', 'https://maps.apple.com/?q=30.28197821,-97.74045003', 'https://meetattexas.com/assets/images/_imageTextModuleTransform2x/OneTwenty5Cafe-Austin.jpg', '2025-07-13 05:08:37.084164+00', '2025-07-13 05:36:00.091+00', false, false, 43, 30.282077801571475, -97.74059447270677),
	('bbc6bdd8-77b8-48b1-ab04-73d466d40891', 'Starbucks Coffee', NULL, 'The Starbucks on Guadalupe Street sits inside Dobie Center along the Drag, right across from the UT Austin campus. It offers the full menu of espresso drinks, cold brews, pastries, and grab-and-go snacks in a spacious café with plenty of seating and free Wi‑Fi. 

This spot is a popular study and hangout place for students between classes.', '2021 Guadalupe St. Austin, TX 78705', '1193411e-6aba-4941-a611-fc9eb7546757', '{"friday": {"isClosed": false, "timeRanges": [{"open": 800, "close": 2000}]}, "monday": {"isClosed": false, "timeRanges": [{"open": 800, "close": 2000}]}, "sunday": {"isClosed": false, "timeRanges": [{"open": 800, "close": 2000}]}, "tuesday": {"isClosed": false, "timeRanges": [{"open": 800, "close": 2000}]}, "saturday": {"isClosed": false, "timeRanges": [{"open": 800, "close": 2000}]}, "thursday": {"isClosed": false, "timeRanges": [{"open": 800, "close": 2000}]}, "wednesday": {"isClosed": false, "timeRanges": [{"open": 800, "close": 2000}]}}', '{Credit/Debit,Cash}', '{}', '.', 'https://maps.apple.com/?address=2021%20Guadalupe%20St,%20Austin,%20TX%20%2078705,%20United%20States&ll=30.283252,-97.741631&q=2021%20Guadalupe%20St', 'https://lh3.googleusercontent.com/p/AF1QipO31I_wOVXvFB9UWy4ibYAlUUOZCfiZcXGORu3v=s680-w680-h510', '2025-07-13 04:51:00.73974+00', '2025-07-13 05:36:00.157+00', false, false, 45, 30.283630184630056, -97.74168254432172),
	('7043d5d5-0e50-4944-83c9-5aa1ee0374b1', 'Varsity Grounds', NULL, 'Find premium coffee, freshly brewed teas, pastries, grab and go options and more at this coffee shop located in East Campus Graduate Apartments.

Whether you need a latte to-go between classes or a spot to connect with friends, Varsity Grounds offers the perfect blend of convenience and community.', '2105 Comal St. Austin, TX 78712', '1193411e-6aba-4941-a611-fc9eb7546757', '{"friday": {"isClosed": false, "timeRanges": [{"open": 800, "close": 2000}]}, "monday": {"isClosed": false, "timeRanges": [{"open": 800, "close": 2000}]}, "sunday": {"isClosed": true, "timeRanges": [{"open": 700, "close": 1000}]}, "tuesday": {"isClosed": false, "timeRanges": [{"open": 800, "close": 2000}]}, "saturday": {"isClosed": false, "timeRanges": [{"open": 800, "close": 1400}]}, "thursday": {"isClosed": true, "timeRanges": [{"open": 800, "close": 2000}]}, "wednesday": {"isClosed": false, "timeRanges": [{"open": 800, "close": 2000}]}}', '{"Bevo Pay",Credit/Debit,"Dine In Dollars"}', '{}', 'https://maps.app.goo.gl/', 'https://maps.apple.com/?address=2308%20Whitis%20Ave,%20Austin,%20TX%2078712', 'https://housing.utexas.edu/sites/default/files/styles/utexas_image_style_1000w/public/2025-01/Varsity_Grounds_680x454.png.webp?itok=N5WphCHt', '2025-06-24 06:38:33.576586+00', '2025-07-13 05:36:00.292+00', false, false, 49, 30.28126377124472, -97.72549314942816),
	('2828735d-a58d-4505-b781-13b4c72c4515', 'Littlefield Patio Cafe', 'Littlefield Cafe', 'Discover bistro-style dining, grab and go offerings and coffee options on the northwest side of campus, adjacent to Littlefield Hall.

Littlefield Patio Cafe offers a la carte meal options in addition to Starbucks coffee and drinks, bakery selections and other selections.Enjoy your meal on the namesake patio dining area or inside the cafe.', '2503 Whitis Ave Austin, TX 78705', 'dc1bae58-29a1-4c1f-829e-d0c3e2ed4479', '{"friday": {"isClosed": false, "timeRanges": [{"open": 800, "close": 1500}]}, "monday": {"isClosed": false, "timeRanges": [{"open": 800, "close": 1500}]}, "sunday": {"isClosed": true, "timeRanges": [{"open": 700, "close": 1000}]}, "tuesday": {"isClosed": false, "timeRanges": [{"open": 800, "close": 1500}]}, "saturday": {"isClosed": true, "timeRanges": [{"open": 700, "close": 1000}]}, "thursday": {"isClosed": false, "timeRanges": [{"open": 800, "close": 1500}]}, "wednesday": {"isClosed": false, "timeRanges": [{"open": 800, "close": 1500}]}}', '{"Bevo Pay",Credit/Debit,"Dine In Dollars"}', '{"{\"name\": \"Breakfast\", \"end_time\": 1200, \"start_time\": 700}","{\"name\": \"Lunch\", \"end_time\": 1900, \"start_time\": 1200}"}', 'https://maps.app.goo.gl/CtBnkvwy6qCDNtyi9', 'https://maps.apple.com/?address=2503%20Whitis%20Ave,%20Austin,%20TX%20%2078705,%20United%20States&auid=12052977383648341965&ll=30.289327,-97.739752&lsp=9902&q=Littlefield%20Patio%20Cafe', '', '2025-06-20 17:53:49.387869+00', '2025-07-13 05:35:58.668+00', false, true, 6, 30.289218465329586, -97.73950921096187),
	('54b15785-b754-44e5-a4a9-10292471fd76', 'Chick-fil-A – WCP', NULL, 'Find chicken sandwiches, waffle fries and more at this WCP Student Activity Center location of the international chain.

This convenient stop near Gregory Gym is perfect for a quick yet substantial bite on the go.', '2201 Speedway Austin, TX 78712', 'dc1bae58-29a1-4c1f-829e-d0c3e2ed4479', '{"friday": {"isClosed": false, "timeRanges": [{"open": 800, "close": 1400}]}, "monday": {"isClosed": false, "timeRanges": [{"open": 700, "close": 1400}]}, "sunday": {"isClosed": true, "timeRanges": [{"open": 700, "close": 1000}]}, "tuesday": {"isClosed": false, "timeRanges": [{"open": 800, "close": 1400}]}, "saturday": {"isClosed": true, "timeRanges": [{"open": 700, "close": 1000}]}, "thursday": {"isClosed": true, "timeRanges": [{"open": 700, "close": 1000}]}, "wednesday": {"isClosed": false, "timeRanges": [{"open": 800, "close": 1400}]}}', '{"Bevo Pay",Cash,Credit/Debit,"Dine In Dollars"}', '{}', '.', 'https://maps.apple.com/?address=2201%20Speedway,%20Austin,%20TX%20%2078712,%20United%20States&ll=30.284859,-97.736611&q=2201%20Speedway', 'https://housing.utexas.edu/sites/default/files/styles/utexas_image_style_1000w/public/2022-01/chick_fil_a_680x454.png.webp?itok=xweNJS3y', '2025-06-25 05:25:26.391479+00', '2025-07-13 05:35:58.79+00', false, false, 9, 30.285071149364903, -97.73598131686585),
	('854ebb41-c687-4329-8f28-e71681037160', 'Panda Express', NULL, 'Find American Chinese food fresh from the wok at this Texas Union location of the international chain. 

This quick and easy campus favorite offers a centrally located spot to fuel up throughout the day. ', '2308 Whitis Ave Austin, TX 78712', 'dc1bae58-29a1-4c1f-829e-d0c3e2ed4479', '{"friday": {"isClosed": false, "timeRanges": [{"open": 1100, "close": 1600}]}, "monday": {"isClosed": false, "timeRanges": [{"open": 1100, "close": 1600}]}, "sunday": {"isClosed": false, "timeRanges": [{"open": 700, "close": 1000}]}, "tuesday": {"isClosed": false, "timeRanges": [{"open": 1100, "close": 1600}]}, "saturday": {"isClosed": true, "timeRanges": [{"open": 700, "close": 1000}]}, "thursday": {"isClosed": true, "timeRanges": [{"open": 700, "close": 1000}]}, "wednesday": {"isClosed": false, "timeRanges": [{"open": 1100, "close": 1600}]}}', '{"Bevo Pay",Credit/Debit}', '{}', '.', 'https://maps.apple.com/?address=2308%20Whitis%20Ave,%20Austin,%20TX%20%2078712,%20United%20States&ll=30.286619,-97.741141&q=2308%20Whitis%20Ave', 'https://housing.utexas.edu/sites/default/files/styles/utexas_image_style_1000w/public/2022-03/Panda_Express_680x454.png.webp?itok=2d5OUdqG', '2025-06-25 05:32:14.466761+00', '2025-07-13 05:35:59.176+00', false, false, 21, 30.286762695477535, -97.74112071279824),
	('cdf43858-4b01-47be-be16-7b6125ce7b79', 'La Fonda', NULL, 'La Fonda is your go-to breakfast and lunch spot for fresh street food. Find breakfast tacos, chilaquiles, tortas, signature dishes and more at this food truck conveniently located on 21st and Speedway. 

Whether you’re starting your day or grabbing a quick bite to fuel your studies, La Fonda offers plenty of flavorful snack and meal options.', '2100 Speedway Austin, TX 78712', 'a82aa62e-9860-46e3-991b-cf6ba41fdb4d', '{"friday": {"isClosed": true, "timeRanges": [{"open": 700, "close": 1000}]}, "monday": {"isClosed": false, "timeRanges": [{"open": 700, "close": 1500}]}, "sunday": {"isClosed": true, "timeRanges": [{"open": 700, "close": 1000}]}, "tuesday": {"isClosed": false, "timeRanges": [{"open": 700, "close": 1500}]}, "saturday": {"isClosed": true, "timeRanges": [{"open": 700, "close": 1000}]}, "thursday": {"isClosed": false, "timeRanges": [{"open": 700, "close": 1500}]}, "wednesday": {"isClosed": false, "timeRanges": [{"open": 700, "close": 1500}]}}', '{Credit/Debit,"Dine In Dollars"}', '{}', '.', 'https://maps.apple.com/?address=2100%20Speedway,%20Austin,%20TX%20%2078705,%20United%20States&ll=30.283945,-97.737801&q=2100%20Speedway', 'https://housing.utexas.edu/sites/default/files/styles/utexas_image_style_1000w/public/2025-02/La_Fonda_680x454.png.webp?itok=UnGDsBH2', '2025-06-25 05:26:58.910467+00', '2025-07-13 05:35:59.694+00', false, false, 33, 30.2833588, -97.7373053),
	('41986c25-08cd-4574-af2f-6a267916cd4a', 'Lucky Lab Coffee', 'Lucky Lab', 'Located in the heart of UT''s campus! Online ordering is available when you''re on-the-go or take a seat in the GDC lobby for a study session with your favorite treats.', '300 W Dean Keeton St. Austin, TX 78712', '1193411e-6aba-4941-a611-fc9eb7546757', '{"friday": {"isClosed": false, "timeRanges": [{"open": 730, "close": 1700}]}, "monday": {"isClosed": false, "timeRanges": [{"open": 730, "close": 1700}]}, "sunday": {"isClosed": true, "timeRanges": [{"open": 700, "close": 1000}]}, "tuesday": {"isClosed": false, "timeRanges": [{"open": 730, "close": 1700}]}, "saturday": {"isClosed": true, "timeRanges": [{"open": 700, "close": 1000}]}, "thursday": {"isClosed": false, "timeRanges": [{"open": 730, "close": 1700}]}, "wednesday": {"isClosed": false, "timeRanges": [{"open": 730, "close": 1700}]}}', '{Cash,Credit/Debit,"Bevo Pay"}', '{}', 'https://www.google.com/maps/place/Gates+Dell+Complex,+2317+Speedway,+Austin,+TX+78712/@30.2862723,-97.7365931,584m/data=!3m2!1e3!4b1!4m6!3m5!1s0x8644b59c98544379:0x1a0c2b90248ca2ed!8m2!3d30.2862723!4d-97.7365931!16s%2Fg%2F1s04fpwff?entry=ttu&g_ep=EgoyMDI1MDEwOC4wIKXMDSoASAFQAw%3D%3D', 'https://maps.apple.com/?q=30.2862723,-97.7365931', 'https://d1w7312wesee68.cloudfront.net/fa9ibVRuqupFdRm57KW-vq-cXSQVH6ob5gVav_qv-SY/ext:webp/quality:50/plain/s3://toast-sites-resources-prod/restaurantImages/0602cee3-4893-4c39-94ba-2c8ea4ef05b9/013-2297.jpg', '2025-07-13 04:36:29.228899+00', '2025-07-13 05:36:00.008+00', false, false, 41, 30.285990363394525, -97.73634487026234),
	('6d01dc1e-ec37-405d-b53f-0f9a86cf8848', 'Chick-fil-A – Texas Union', NULL, 'Find chicken sandwiches, waffle fries and more at this Texas Union location of the international chain. 

This convenient stop in the heart of campus is perfect for a quick yet substantial bite on the go.', '2308 Whitis Ave Austin, TX 78712 ', 'dc1bae58-29a1-4c1f-829e-d0c3e2ed4479', '{"friday": {"isClosed": true, "timeRanges": [{"open": 700, "close": 1000}]}, "monday": {"isClosed": false, "timeRanges": [{"open": 1000, "close": 1600}]}, "sunday": {"isClosed": true, "timeRanges": [{"open": 700, "close": 1000}]}, "tuesday": {"isClosed": false, "timeRanges": [{"open": 1000, "close": 1600}]}, "saturday": {"isClosed": true, "timeRanges": [{"open": 700, "close": 1000}]}, "thursday": {"isClosed": true, "timeRanges": [{"open": 700, "close": 1000}]}, "wednesday": {"isClosed": false, "timeRanges": [{"open": 1000, "close": 1600}]}}', '{"Bevo Pay",Cash,Credit/Debit,"Dine In Dollars"}', '{}', '.', 'https://maps.apple.com/?address=2308%20Whitis%20Ave,%20Austin,%20TX%20%2078712,%20United%20States&ll=30.286619,-97.741141&q=2308%20Whitis%20Ave', 'https://housing.utexas.edu/sites/default/files/styles/utexas_image_style_1000w/public/2022-01/chick_fil_a_680x454.png.webp?itok=xweNJS3y', '2025-06-25 05:23:52.698368+00', '2025-07-13 05:35:58.752+00', false, false, 8, 30.286609183194834, -97.74114371720064),
	('4b326f4a-f53b-450e-b7ad-1e7dd619c984', 'Hook ’em Hut – Texas Union', NULL, 'Stop by and grab refreshments at this mini convenience store located in the Texas Union. Hook ‘em Hut offers grab and go food, beverages and sundries to satisfy your needs and busy schedule.', '2308 Whitis Ave Austin, TX 78712', '131bb0cb-a083-40e2-bbe2-4bc6044dd8a7', '{"friday": {"isClosed": true, "timeRanges": [{"open": 700, "close": 1000}]}, "monday": {"isClosed": false, "timeRanges": [{"open": 700, "close": 1000}]}, "sunday": {"isClosed": true, "timeRanges": [{"open": 700, "close": 1000}]}, "tuesday": {"isClosed": true, "timeRanges": [{"open": 700, "close": 1000}]}, "saturday": {"isClosed": true, "timeRanges": [{"open": 700, "close": 1000}]}, "thursday": {"isClosed": true, "timeRanges": [{"open": 700, "close": 1000}]}, "wednesday": {"isClosed": true, "timeRanges": [{"open": 700, "close": 1000}]}}', '{"Bevo Pay",Credit/Debit,"Dine In Dollars"}', '{}', '.', 'https://maps.apple.com/?address=2308%20Whitis%20Ave,%20Austin,%20TX%20%2078712,%20United%20States&ll=30.286619,-97.741141&q=2308%20Whitis%20Ave', 'https://housing.utexas.edu/sites/default/files/styles/utexas_image_style_1000w/public/2021-09/HookEm_Hut_680x454.png.webp?itok=59TSePP8', '2025-06-25 05:36:19.080055+00', '2025-07-13 05:36:00.326+00', true, false, 50, 30.28663746152727, -97.74101598863376),
	('9e643458-0bb3-4011-825e-bfa0a948d980', 'Hook ’em Hut – WCP', NULL, 'Pick up refreshments at this mini convenience store located in the WCP Student Activity Center. 

Hook ‘em Hut offers grab and go food, beverages and sundries to satisfy your needs and busy schedule.', '2201 Speedway Austin, TX 78712', '131bb0cb-a083-40e2-bbe2-4bc6044dd8a7', '{"friday": {"isClosed": true, "timeRanges": [{"open": 700, "close": 1000}]}, "monday": {"isClosed": false, "timeRanges": [{"open": 700, "close": 1000}]}, "sunday": {"isClosed": true, "timeRanges": [{"open": 700, "close": 1000}]}, "tuesday": {"isClosed": true, "timeRanges": [{"open": 700, "close": 1000}]}, "saturday": {"isClosed": true, "timeRanges": [{"open": 700, "close": 1000}]}, "thursday": {"isClosed": true, "timeRanges": [{"open": 700, "close": 1000}]}, "wednesday": {"isClosed": true, "timeRanges": [{"open": 700, "close": 1000}]}}', '{"Bevo Pay",Credit/Debit,"Dine In Dollars"}', '{}', '.', 'https://maps.apple.com/?address=2201%20Speedway,%20Austin,%20TX%20%2078712,%20United%20States&ll=30.284859,-97.736611&q=2201%20Speedway', 'https://housing.utexas.edu/sites/default/files/styles/utexas_image_style_1000w/public/2021-09/HookEm_Hut_680x454.png.webp?itok=59TSePP8', '2025-06-25 05:37:59.572022+00', '2025-07-13 05:36:00.36+00', true, false, 51, 30.2847930722248, -97.7361078031222),
	('91ab1867-aaa3-4a5b-a854-08826583a99b', 'Kin''s Market', NULL, 'Shop for groceries, pick up meals on the go and discover other sundries inside the Kinsolving Hall lobby. Kin’s Market has all the essentials so make it your one-stop shop for school supplies, snacks, fresh produce and other necessities. 

When you’re on the northwest side of campus, Kin’s Market is your convenience solution.', '2605 Whitis Ave Austin, TX 78705', '131bb0cb-a083-40e2-bbe2-4bc6044dd8a7', '{"friday": {"isClosed": true, "timeRanges": [{"open": 700, "close": 1000}]}, "monday": {"isClosed": false, "timeRanges": [{"open": 700, "close": 1000}]}, "sunday": {"isClosed": true, "timeRanges": [{"open": 700, "close": 1000}]}, "tuesday": {"isClosed": true, "timeRanges": [{"open": 700, "close": 1000}]}, "saturday": {"isClosed": true, "timeRanges": [{"open": 700, "close": 1000}]}, "thursday": {"isClosed": true, "timeRanges": [{"open": 700, "close": 1000}]}, "wednesday": {"isClosed": true, "timeRanges": [{"open": 700, "close": 1000}]}}', '{"Bevo Pay",Cash,Credit/Debit,"Dine In Dollars"}', '{}', '.', 'https://maps.apple.com/?address=2605%20Whitis%20Ave,%20Austin,%20TX%20%2078705,%20United%20States&ll=30.290334,-97.739766&q=2605%20Whitis%20Ave', 'https://housing.utexas.edu/sites/default/files/styles/utexas_image_style_1000w/public/2021-11/kins_market_680x454.png.webp?itok=eFL02Rl_', '2025-06-25 05:39:02.906811+00', '2025-07-13 05:36:00.391+00', false, false, 52, 30.290389405395672, -97.73983246242595),
	('4ccea6df-abbb-459d-94bf-1d984bd721cf', 'Shake Smart', NULL, 'Make Shake Smart your one-stop shop for pre- and post-gym fuel and a regular destination for when you’re on the go. 

Located in the lobby of Gregory Gym, Shake Smart offers freshly blended protein shakes, cold brew coffee, and healthy on-the-go foods for any lifestyle.', '2101 Speedway Austin, TX 78712', 'dc1bae58-29a1-4c1f-829e-d0c3e2ed4479', '{"friday": {"isClosed": false, "timeRanges": [{"open": 1000, "close": 2000}]}, "monday": {"isClosed": false, "timeRanges": [{"open": 1000, "close": 2100}]}, "sunday": {"isClosed": false, "timeRanges": [{"open": 1100, "close": 2000}]}, "tuesday": {"isClosed": false, "timeRanges": [{"open": 1000, "close": 2100}]}, "saturday": {"isClosed": false, "timeRanges": [{"open": 1000, "close": 2000}]}, "thursday": {"isClosed": false, "timeRanges": [{"open": 1000, "close": 2100}]}, "wednesday": {"isClosed": false, "timeRanges": [{"open": 1000, "close": 2100}]}}', '{"Bevo Pay",Cash,Credit/Debit,"Dine In Dollars"}', '{}', '.', 'https://maps.apple.com/?address=2308%20Whitis%20Ave,%20Austin,%20TX%2078712ahttps://maps.apple.com/?address=2101%20Speedway,%20Austin,%20TX%20%2078712,%20United%20States&ll=30.284234,-97.736387&q=2101%20Speedway', 'https://housing.utexas.edu/sites/default/files/styles/utexas_image_style_1800w/public/2022-02/smart.png.webp?itok=YtA0utb9', '2025-06-24 06:36:47.046073+00', '2025-07-13 05:40:51.338+00', false, false, 23, 30.2839526, -97.7367608),
	('f00c1a2c-2937-44dc-8422-72ce70a5114e', 'Wendy''s', 'Jendy''s', 'Wendy’s — often nicknamed “Jendy’s” on campus — is a quick-service fast-food restaurant located inside Jester Center at UT Austin. It’s known for its fresh, never-frozen square beef burgers, spicy and classic chicken sandwiches, crispy fries, salads, chili, baked potatoes, and signature Frosty desserts. 

This location is a popular grab‑and‑go and study-break spot for students.', '201 E 21st St. Austin, TX 78712', 'dc1bae58-29a1-4c1f-829e-d0c3e2ed4479', '{"friday": {"isClosed": true, "timeRanges": [{"open": 700, "close": 1000}]}, "monday": {"isClosed": false, "timeRanges": [{"open": 1000, "close": 2200}]}, "sunday": {"isClosed": false, "timeRanges": [{"open": 1100, "close": 1800}]}, "tuesday": {"isClosed": false, "timeRanges": [{"open": 1000, "close": 2200}]}, "saturday": {"isClosed": false, "timeRanges": [{"open": 1100, "close": 1800}]}, "thursday": {"isClosed": false, "timeRanges": [{"open": 1000, "close": 2200}]}, "wednesday": {"isClosed": false, "timeRanges": [{"open": 1000, "close": 2200}]}}', '{"Bevo Pay",Cash,Credit/Debit,"Dine In Dollars"}', '{}', 'https://www.google.com/maps/place/J2+Dining/@30.2828306,-97.7394699,17z/data=!3m2!4b1!5s0x8644b59c0460f9dd:0xcd12421dd5e67026!4m6!3m5!1s0x8644b59c0ff101f1:0x5f36f99f7a4e997!8m2!3d30.282826!4d-97.736895!16s%2Fg%2F1hc3mqth5?entry=ttu&g_ep=EgoyMDI1MDExNS4wIKXMDSoASAFQAw%3D%3D', 'https://maps.apple.com/?q=30.2828306,-97.7394699', 'https://assets.turbologo.com/blog/en/2019/12/19084801/Wendys-logo.png', '2025-07-13 02:35:40.6733+00', '2025-07-13 05:35:59.428+00', false, false, 28, 30.2828784696289, -97.7371556916687),
	('5f6df292-3e7e-41df-bec3-701c674a9c44', 'Up and Atom', 'Up & Atom', 'Power your day with quick bites and Ruta Maya coffee at this conveniently located coffee shop in Welch Hall.

Pair a beverage made from shade-grown Arabica beans with a grab and go item to fuel up for your next class or study session.', '105 E 24th St, Austin, TX 78712', '1193411e-6aba-4941-a611-fc9eb7546757', '{"friday": {"isClosed": false, "timeRanges": [{"open": 730, "close": 1700}]}, "monday": {"isClosed": false, "timeRanges": [{"open": 730, "close": 1700}]}, "sunday": {"isClosed": false, "timeRanges": [{"open": 700, "close": 2300}]}, "tuesday": {"isClosed": false, "timeRanges": [{"open": 730, "close": 1700}]}, "saturday": {"isClosed": false, "timeRanges": [{"open": 700, "close": 2300}]}, "thursday": {"isClosed": false, "timeRanges": [{"open": 730, "close": 1700}]}, "wednesday": {"isClosed": false, "timeRanges": [{"open": 730, "close": 1700}]}}', '{"Bevo Pay",Credit/Debit,"Dine In Dollars"}', '{}', 'https://maps.app.goo.gl/', 'https://maps.apple.com/?address=105%20E%2024th%20St,%20Austin,%20TX%2078712', 'https://housing.utexas.edu/sites/default/files/styles/utexas_image_style_450w_300h/public/2022-10/878_up_and_atom_680x454.png.webp?itok=Wkka8edw''', '2025-06-24 06:35:23.06363+00', '2025-07-13 05:36:00.259+00', true, false, 48, 30.2865437575541, -97.7375021808865),
	('640f2995-7a36-44e0-9962-2114596470f8', 'Jesta'' Pizza', 'Jizza''s', 'Build your own pizza with an array of sauces and toppings and find other quick bites on the south side of campus inside Jester Center.

Jesta’ Pizza offers an assortment of options for you to create your ideal pie. Other snacks and beverages are also available for purchase.', '201 E 21st St Austin, TX 78705', 'dc1bae58-29a1-4c1f-829e-d0c3e2ed4479', '{"friday": {"isClosed": false, "timeRanges": [{"open": 1100, "close": 2200}]}, "monday": {"isClosed": false, "timeRanges": [{"open": 1100, "close": 2200}]}, "sunday": {"isClosed": false, "timeRanges": [{"open": 1600, "close": 2200}]}, "tuesday": {"isClosed": false, "timeRanges": [{"open": 1100, "close": 2200}]}, "saturday": {"isClosed": true, "timeRanges": [{"open": 700, "close": 1000}]}, "thursday": {"isClosed": false, "timeRanges": [{"open": 1100, "close": 2200}]}, "wednesday": {"isClosed": false, "timeRanges": [{"open": 1100, "close": 2200}]}}', '{"Bevo Pay",Credit/Debit,"Dine In Dollars"}', '{}', 'https://maps.app.goo.gl/918gcsqhiFcq2CYS6', 'ttps://maps.apple.com/?address=201%20E%2021st%20St,%20Austin,%20TX%20%2078705,%20United%20States&auid=17503097336762474961&ll=30.282849,-97.736878&lsp=9902&q=Jesta%E2%80%99%20Pizza', '', '2025-06-20 17:42:50.841035+00', '2025-07-13 05:35:58.554+00', false, true, 3, 30.282935989126326, -97.73665637015345),
	('b7ee00fe-027c-45bf-ab65-72a4ed1fb32f', 'Tower Burgers and Fries', NULL, 'Check out burger, side and beverage options on the west side of campus inside the Texas Union. This location offers a selection of burgers, fries, onion rings, milkshakes and more. 

Get your meal to go or dine inside the Texas Union building or on their patio.', '2308 Whitis Ave Austin, TX 78712', 'dc1bae58-29a1-4c1f-829e-d0c3e2ed4479', '{"friday": {"isClosed": true, "timeRanges": [{"open": 700, "close": 1000}]}, "monday": {"isClosed": false, "timeRanges": [{"open": 700, "close": 1000}]}, "sunday": {"isClosed": true, "timeRanges": [{"open": 700, "close": 1000}]}, "tuesday": {"isClosed": true, "timeRanges": [{"open": 700, "close": 1000}]}, "saturday": {"isClosed": true, "timeRanges": [{"open": 700, "close": 1000}]}, "thursday": {"isClosed": true, "timeRanges": [{"open": 700, "close": 1000}]}, "wednesday": {"isClosed": true, "timeRanges": [{"open": 700, "close": 1000}]}}', '{"Bevo Pay",Credit/Debit,"Dine In Dollars"}', '{}', '.', 'https://maps.apple.com/?address=2308%20Whitis%20Ave,%20Austin,%20TX%20%2078712,%20United%20States&ll=30.286619,-97.741141&q=2308%20Whitis%20Ave', 'https://housing.utexas.edu/sites/default/files/styles/utexas_image_style_1000w/public/2021-09/Tower_Burgers_and_Fries_680x454.png.webp?itok=GTdZR1kx', '2025-06-25 05:35:01.676111+00', '2025-07-13 05:35:59.371+00', true, false, 26, 30.286431280760723, -97.74101340458624),
	('bf57b1a1-d7f1-4c0f-ac66-8bdb2f240dcc', 'Moontower Cafè', NULL, 'Moontower Café is a cozy, full-service café located inside UT Austin’s McCombs School of Business (Rowling Hall), adjacent to the AT&T Hotel & Conference Center. It offers a warm study- and meeting-friendly atmosphere with comfy seating and a welcoming vibe.

 The menu features fresh breakfast and lunch fare—espresso drinks, coffee, smoothies, soups, sandwiches, and light bites—often praised for its quality ingredients and campus convenience.', '300 W Martin Luther King Blvd. Austin, TX 78705', '1193411e-6aba-4941-a611-fc9eb7546757', '{"friday": {"isClosed": false, "timeRanges": [{"open": 700, "close": 1100}]}, "monday": {"isClosed": false, "timeRanges": [{"open": 700, "close": 1430}]}, "sunday": {"isClosed": true, "timeRanges": [{"open": 700, "close": 1000}]}, "tuesday": {"isClosed": false, "timeRanges": [{"open": 700, "close": 1430}]}, "saturday": {"isClosed": true, "timeRanges": [{"open": 700, "close": 1000}]}, "thursday": {"isClosed": false, "timeRanges": [{"open": 700, "close": 1430}]}, "wednesday": {"isClosed": false, "timeRanges": [{"open": 700, "close": 1430}]}}', '{Cash,Credit/Debit}', '{}', 'https://www.google.com/maps/dir//30.28211735,-97.74148886/@30.28211735,-97.74148886,17z', 'https://maps.apple.com/?q=30.28211735,-97.74148886', 'https://meetattexas.com/assets/images/_imageTextModuleTransform2x/Moontower-Hotel-Dining-Austin.jpg', '2025-07-13 04:55:54.553106+00', '2025-07-13 05:36:00.063+00', false, false, 42, 30.282315878651378, -97.74124037355278),
	('6b33b45f-91b5-4460-bf87-ed1fca65c06f', 'Prufrock''s Coffee', 'Prufrock''s', 'Order Starbucks beverages and quick food options on the ground floor of the Perry-Castañeda Library.

Prufrock’s offers hot and cold drink options, pastries and grab and go selections. Give your studying at the library a boost with a trip to Prufrock’s.', '101 E 21st St, Austin, TX 78705', '1193411e-6aba-4941-a611-fc9eb7546757', '{"friday": {"isClosed": false, "timeRanges": [{"open": 800, "close": 2000}]}, "monday": {"isClosed": false, "timeRanges": [{"open": 800, "close": 2000}]}, "sunday": {"isClosed": false, "timeRanges": [{"open": 1200, "close": 2000}]}, "tuesday": {"isClosed": false, "timeRanges": [{"open": 800, "close": 2000}]}, "saturday": {"isClosed": false, "timeRanges": [{"open": 1000, "close": 1700}]}, "thursday": {"isClosed": false, "timeRanges": [{"open": 800, "close": 2000}]}, "wednesday": {"isClosed": false, "timeRanges": [{"open": 800, "close": 2000}]}}', '{"Bevo Pay",Cash,Credit/Debit,"Dine In Dollars"}', '{}', 'https://maps.app.goo.gl/', 'https://maps.apple.com/?address=101%20E%2021st%20St,%20Austin,%20TX%2078705', 'https://housing.utexas.edu/sites/default/files/styles/utexas_image_style_450w_300h/public/2021-10/prufrocks_logo.png.webp?itok=0t3Crktg', '2025-06-24 06:30:20.375628+00', '2025-07-13 05:36:00.124+00', true, false, 44, 30.2829344611711, -97.7377933878094),
	('38b2f5fa-32ca-4bec-a0c1-0a066543e61f', '512 Brew Bus', NULL, '512 Brew Bus is a student-run coffee truck at UT Austin offering locally roasted coffee, espresso drinks, and pastries right on campus. It’s a go-to spot for students and staff to grab a fresh brew between classes or unwind with a snack. 

With friendly service and a focus on quality, it brings a cozy café experience on wheels.', 'San Jacinto Blvd and E 23rd/Deloss Dodds Way Austin, TX 78712', 'a82aa62e-9860-46e3-991b-cf6ba41fdb4d', '{"friday": {"isClosed": true, "timeRanges": [{"open": 700, "close": 1000}]}, "monday": {"isClosed": false, "timeRanges": [{"open": 700, "close": 1000}]}, "sunday": {"isClosed": true, "timeRanges": [{"open": 700, "close": 1000}]}, "tuesday": {"isClosed": true, "timeRanges": [{"open": 700, "close": 1000}]}, "saturday": {"isClosed": true, "timeRanges": [{"open": 700, "close": 1000}]}, "thursday": {"isClosed": true, "timeRanges": [{"open": 700, "close": 1000}]}, "wednesday": {"isClosed": true, "timeRanges": [{"open": 700, "close": 1000}]}}', '{Credit/Debit,Cash}', '{}', 'https://www.google.com/maps/search/%2B%2BSan%2BJacinto%2BBlvd%2Band%2BE%2B23rd%252FDeloss%2BDodds%2BWay%2BAustin,%2BTX%2B78712%2BUnited%2BStates/@30.2853519,-97.7337425,20z?entry=ttu&g_ep=EgoyMDI1MDExNS4wIKXMDSoASAFQAw%3D%3D', 'https://maps.apple.com/?q=San%20Jacinto%20and%2023rd&ll=30.2853519,-97.7337425', 'https://universityunions.utexas.edu/sites/default/files/styles/utexas_image_style_450w_300h/public/2023-04/512brewbus_web_450x300.png.webp?itok=jCspaxTL', '2025-07-13 00:18:14.285696+00', '2025-07-13 05:35:59.581+00', true, false, 30, 30.285267, -97.7336638),
	('4300d1f4-449b-4e7b-8784-1aee0756bf08', 'Guatemala Love', NULL, 'Guatemala Love is a food truck at UT Austin serving authentic Guatemalan street food like pupusas, tamales, and fresh fruit smoothies. Founded to celebrate and share Guatemalan culture, it offers homestyle recipes made with fresh, high-quality ingredients. 

It’s a welcoming spot for students and locals to enjoy comforting, traditional flavors right on campus.
', 'Speedway and E Dean Keeton St. Austin, TX 78712', 'a82aa62e-9860-46e3-991b-cf6ba41fdb4d', '{"friday": {"isClosed": true, "timeRanges": [{"open": 700, "close": 1000}]}, "monday": {"isClosed": false, "timeRanges": [{"open": 700, "close": 1000}]}, "sunday": {"isClosed": true, "timeRanges": [{"open": 700, "close": 1000}]}, "tuesday": {"isClosed": true, "timeRanges": [{"open": 700, "close": 1000}]}, "saturday": {"isClosed": true, "timeRanges": [{"open": 700, "close": 1000}]}, "thursday": {"isClosed": true, "timeRanges": [{"open": 700, "close": 1000}]}, "wednesday": {"isClosed": true, "timeRanges": [{"open": 700, "close": 1000}]}}', '{Cash,Credit/Debit}', '{}', 'https://www.google.com/maps/place/Physics,+Math,+and+Astronomy+Building+(PMA)/@30.2891046,-97.7366319,19.04z/data=!3m1!5s0x8644b5835e56ed09:0x44c897a4af8002b7!4m10!1m2!2m1!1zK1BNQStidWlsZGluZyslMjhuZWFyK1NwZWVkd2F5JTJDK2p1c3Qrc291dGgrb2YrRGVhbitLZWV0b24rU3RyZWV0JTI5K0F1c3RpbiwrVFgrNzg3MTIrVW5pdGVkK1N0YXRlcw!3m6!1s0x8644b5835f0c5309:0xd8baf3a8ad82bf6c!8m2!3d30.2890098!4d-97.7364339!15sCmQrUE1BK2J1a', 'https://maps.apple.com/?q=30.2891046,-97.7366319', 'https://universityunions.utexas.edu/sites/default/files/styles/utexas_image_style_450w_300h/public/2023-02/guatemala-love-logo.png?itok=hUTU8IZs', '2025-07-13 00:31:13.95433+00', '2025-07-13 05:35:59.65+00', true, false, 32, 30.2893044095322, -97.7366893735499),
	('de91ad3b-8fac-4494-9629-a6bb25eea48b', 'JCL Dining', 'JCL', 'Found on the south side of campus, Jester City Limits (JCL) offers a versatile dining experience. JCL is on the ground floor of Jester Center and provides an array of food lines you can choose your meal from.

Jester Center’s energetic atmosphere guarantees a unique meal with a menu created by our talented culinary team.', '201 E 21st St Austin, TX 78705', '20be80f1-7e87-424e-a7b8-801c80aca477', '{"friday": {"isClosed": false, "timeRanges": [{"open": 1030, "close": 1500}]}, "monday": {"isClosed": false, "timeRanges": [{"open": 1030, "close": 2100}]}, "sunday": {"isClosed": true, "timeRanges": [{"open": 700, "close": 1000}]}, "tuesday": {"isClosed": false, "timeRanges": [{"open": 1030, "close": 2100}]}, "saturday": {"isClosed": true, "timeRanges": [{"open": 700, "close": 1000}]}, "thursday": {"isClosed": false, "timeRanges": [{"open": 1030, "close": 2100}]}, "wednesday": {"isClosed": false, "timeRanges": [{"open": 1030, "close": 2100}]}}', '{"Bevo Pay",Credit/Debit,"Dine In Dollars"}', '{"{\"name\": \"Lunch\", \"end_time\": 1500, \"start_time\": 1030}","{\"name\": \"Dinner\", \"end_time\": 2100, \"start_time\": 1500}"}', 'https://maps.app.goo.gl/DccikGcpeV4tpZSj7', 'https://maps.apple.com/?address=201%20E%2021st%20St,%20Austin,%20TX%20%2078705,%20United%20States&auid=12474801943275870923&ll=30.282840,-97.736945&lsp=9902&q=Jester%20City%20Limits', '', '2025-06-19 20:41:58.267439+00', '2025-07-13 05:35:58.49+00', true, true, 1, 30.28277572526695, -97.7370539650819),
	('a596446a-0d52-460f-9277-8c12fd4e4481', 'Burrito Factory', NULL, 'Burrito Factory is a family-owned dining stall located in the Dobie Mall food court on UT Austin’s campus. They serve generous, authentic Mexican fare—burritos, tacos, tortas—with made-to-order meats like pastor, fajitas, lengua, plus fresh veggies, sauces, and horchata. 

Known for warm service and bold, fresh flavors, it’s a campus go‑to for hearty Tex‑Mex meals.', '2021 Guadalupe St. Austin, TX 78712', 'dc1bae58-29a1-4c1f-829e-d0c3e2ed4479', '{"friday": {"isClosed": false, "timeRanges": [{"open": 1100, "close": 2000}]}, "monday": {"isClosed": false, "timeRanges": [{"open": 1100, "close": 2000}]}, "sunday": {"isClosed": true, "timeRanges": [{"open": 700, "close": 1000}]}, "tuesday": {"isClosed": false, "timeRanges": [{"open": 1100, "close": 2000}]}, "saturday": {"isClosed": true, "timeRanges": [{"open": 1100, "close": 2000}]}, "thursday": {"isClosed": false, "timeRanges": [{"open": 1100, "close": 2000}]}, "wednesday": {"isClosed": false, "timeRanges": [{"open": 1100, "close": 2000}]}}', '{Cash,Credit/Debit}', '{}', '.', 'https://maps.apple.com/?address=2021%20Guadalupe%20St,%20Austin,%20TX%20%2078705,%20United%20States&ll=30.283252,-97.741631&q=2021%20Guadalupe%20St', 'https://images.squarespace-cdn.com/content/v1/5c2d52da55b02c5b8ef21495/1546628247007-A5NVNACGAZ04O4NYHCXN/BurritoFactory5.png?format=2500w', '2025-07-13 04:02:59.464447+00', '2025-07-13 05:35:58.714+00', false, false, 7, 30.283215491584944, -97.74113076129329),
	('9571a33b-de57-47b0-a1df-cd9886968563', 'Four Brothers Venezuelan Kitchen', NULL, 'Four Brothers is a Venezuelan food truck parked near the Perry-Castañeda Library at UT Austin. It serves arepas, empanadas, cachapas, and other traditional Venezuelan dishes. 

The truck is known for fresh ingredients, friendly service, and plenty of vegan and gluten-free options.', 'E 21st St. Austin, TX 78712', 'a82aa62e-9860-46e3-991b-cf6ba41fdb4d', '{"friday": {"isClosed": true, "timeRanges": [{"open": 700, "close": 1000}]}, "monday": {"isClosed": false, "timeRanges": [{"open": 700, "close": 1000}]}, "sunday": {"isClosed": true, "timeRanges": [{"open": 700, "close": 1000}]}, "tuesday": {"isClosed": true, "timeRanges": [{"open": 700, "close": 1000}]}, "saturday": {"isClosed": true, "timeRanges": [{"open": 700, "close": 1000}]}, "thursday": {"isClosed": true, "timeRanges": [{"open": 700, "close": 1000}]}, "wednesday": {"isClosed": true, "timeRanges": [{"open": 700, "close": 1000}]}}', '{Credit/Debit,Cash}', '{}', 'https://www.google.com/maps/place/Perry-Casta%C3%B1eda+Library/@30.2826546,-97.7391758,18.17z/data=!3m1!5s0x8644b59c30a212f1:0x44c897a4234f49d0!4m6!3m5!1s0x8644b59c6ae1bb7f:0xd251ac1bf2d1388e!8m2!3d30.2826575!4d-97.7382079!16s%2Fg%2F1tgd6y31?entry=ttu&g_ep=EgoyMDI1MDExNS4wIKXMDSoASAFQAw%3D%3D', 'https://maps.apple.com/?q=30.2826546,-97.7391758', 'https://universityunions.utexas.edu/sites/default/files/styles/utexas_image_style_450w_300h/public/2022-08/four%20bros_0.png?itok=lFi1ODQp', '2025-07-13 00:48:43.17379+00', '2025-07-13 05:35:59.617+00', true, false, 31, 30.283482198788764, -97.73862682364917),
	('d10a421e-3b3e-4b57-8166-1831ec135d23', 'Sam''s Gyro Halal', NULL, 'Sam’s Gyro Halal is a popular food truck located on the UT Austin campus, serving fresh Mediterranean and Middle Eastern fare. They’re known for their flavorful gyros, halal meats, and generous portions at student-friendly prices. 

Conveniently parked at San Jacinto Blvd and E 23rd Street, it’s a go-to spot for a quick and satisfying meal between classes.', 'San Jacinto Blvd and E 23rd/Deloss Dodds Way Austin, TX 78712', 'a82aa62e-9860-46e3-991b-cf6ba41fdb4d', '{"friday": {"isClosed": true, "timeRanges": [{"open": 700, "close": 1000}]}, "monday": {"isClosed": false, "timeRanges": [{"open": 700, "close": 1000}]}, "sunday": {"isClosed": true, "timeRanges": [{"open": 700, "close": 1000}]}, "tuesday": {"isClosed": true, "timeRanges": [{"open": 700, "close": 1000}]}, "saturday": {"isClosed": true, "timeRanges": [{"open": 700, "close": 1000}]}, "thursday": {"isClosed": true, "timeRanges": [{"open": 700, "close": 1000}]}, "wednesday": {"isClosed": true, "timeRanges": [{"open": 700, "close": 1000}]}}', '{Cash,Credit/Debit}', '{}', 'https://www.google.com/maps/place/San+Jacinto+Blvd+%26+E+23rd+St,+Austin,+TX+78712/@30.2851214,-97.7343143,19.08z/data=!4m10!1m2!2m1!1zKytTYW4rSmFjaW50bytCbHZkK2FuZCtFKzIzcmQlMkZEZWxvc3MrRG9kZHMrV2F5K0F1c3RpbiwrVFgrNzg3MTIrVW5pdGVkK1N0YXRlcw!3m6!1s0x8644b59b0108c209:0x7a1024d0dc6463f2!8m2!3d30.2853206!4d-97.7337036!15sClArK1NhbitKYWNpbnRvK0JsdmQrYW5kK0UrMjNyZCUyRiBEZWxvc3MrRG9kZHMrV2F5K0F1c3Rpbiwr', 'https://maps.apple.com/?q=30.2851214,-97.7343143', 'https://sam-gyro-halal.square.site/uploads/b/e923e170-6a5c-11ef-9af1-db52aab65aed/Untitled%20design%20(1).png', '2025-07-13 00:35:54.019162+00', '2025-07-13 05:35:59.779+00', true, false, 35, 30.2852394135542, -97.7336672270474),
	('189c9621-f32c-4b17-8745-3ac3e3259692', 'Yapa Artisan Empanadas', NULL, 'Yapa Artisan Empanadas is a UT Austin food truck serving fresh-baked Chilean and fusion empanadas, including fillings like brisket, chana masala, and Al Pastor. Founded by a Chilean owner, it aims to make empanadas as popular as burgers on campus. 

The truck is open weekdays near the Perry-Castañeda Library.', '21st and Speedway Austin, TX 78712', 'a82aa62e-9860-46e3-991b-cf6ba41fdb4d', '{"friday": {"isClosed": true, "timeRanges": [{"open": 700, "close": 1000}]}, "monday": {"isClosed": false, "timeRanges": [{"open": 700, "close": 1000}]}, "sunday": {"isClosed": true, "timeRanges": [{"open": 700, "close": 1000}]}, "tuesday": {"isClosed": true, "timeRanges": [{"open": 700, "close": 1000}]}, "saturday": {"isClosed": true, "timeRanges": [{"open": 700, "close": 1000}]}, "thursday": {"isClosed": true, "timeRanges": [{"open": 700, "close": 1000}]}, "wednesday": {"isClosed": true, "timeRanges": [{"open": 700, "close": 1000}]}}', '{Cash,Credit/Debit}', '{}', 'https://www.google.com/maps/place/Perry-Casta%C3%B1eda+Library/@30.2826546,-97.7391758,18.17z/data=!3m1!5s0x8644b59c30a212f1:0x44c897a4234f49d0!4m6!3m5!1s0x8644b59c6ae1bb7f:0xd251ac1bf2d1388e!8m2!3d30.2826575!4d-97.7382079!16s%2Fg%2F1tgd6y31?entry=ttu&g_ep=EgoyMDI1MDExNS4wIKXMDSoASAFQAw%3D%3D', 'https://maps.apple.com/?q=30.2826546,-97.7391758', 'https://universityunions.utexas.edu/sites/default/files/styles/utexas_image_style_450w_300h/public/2023-08/yapa-empanadas.png?itok=1z5GwHvm', '2025-07-13 00:45:38.93369+00', '2025-07-13 05:35:59.894+00', true, false, 38, 30.283333427581862, -97.73763495697604),
	('b39abf07-d72f-4d91-9a7f-a447e04ad0c2', 'Kins Dining', 'Kins', 'Serving the northwest side of campus, Kins Dining hosts several serving lines and outdoor patio seating. Kins Dining is in Kinsolving Hall and offers a dining experience where you can piece together your ideal meal from the assortment of food lines and menu specials.

Enjoy your meal inside the dining hall or on the outdoor patio overlooking the Kinsolving garden.', '2605 Whitis Ave Austin, TX 78705', '20be80f1-7e87-424e-a7b8-801c80aca477', '{"friday": {"isClosed": false, "timeRanges": [{"open": 700, "close": 2000}]}, "monday": {"isClosed": false, "timeRanges": [{"open": 700, "close": 2100}]}, "sunday": {"isClosed": false, "timeRanges": [{"open": 900, "close": 1400}, {"open": 1630, "close": 2000}]}, "tuesday": {"isClosed": false, "timeRanges": [{"open": 700, "close": 2100}]}, "saturday": {"isClosed": false, "timeRanges": [{"open": 900, "close": 1400}, {"open": 1630, "close": 2000}]}, "thursday": {"isClosed": false, "timeRanges": [{"open": 700, "close": 2100}]}, "wednesday": {"isClosed": false, "timeRanges": [{"open": 700, "close": 2100}]}}', '{"Bevo Pay",Credit/Debit,"Dine In Dollars"}', '{"{\"name\": \"Breakfast\", \"end_time\": 1100, \"start_time\": 700}","{\"name\": \"Lunch\", \"end_time\": 1630, \"start_time\": 1100}","{\"name\": \"Dinner\", \"end_time\": 2000, \"start_time\": 1630}"}', 'https://maps.app.goo.gl/zaxxqbgcuGBgQwBY9', 'https://maps.apple.com/?address=2605%20Whitis%20Ave,%20Austin,%20TX%2078705,%20United%20States&auid=9838945571614486266&ll=30.290260,-97.739890&lsp=9902&q=Kins%20Dining', '', '2025-06-19 20:45:48.782331+00', '2025-07-13 05:35:58.522+00', true, true, 2, 30.290362065716167, -97.73941260816498),
	('79da0622-d643-4734-ad81-eca2c495200a', 'George''s Café', NULL, 'George''s Cafe is a great place for UT Law students and others on the north side of campus to grab a delicious grab-and-go or sit-down meal.

The café features a made‑to‑order menu with fresh breakfast and lunch options—including tacos, burgers, wraps, soups, and salads—with vegetarian, dairy‑free, and gluten‑free choices.', '727 E Dean Keeton St. Austin, TX 78712', 'dc1bae58-29a1-4c1f-829e-d0c3e2ed4479', '{"friday": {"isClosed": false, "timeRanges": [{"open": 700, "close": 2000}]}, "monday": {"isClosed": false, "timeRanges": [{"open": 700, "close": 2100}]}, "sunday": {"isClosed": false, "timeRanges": [{"open": 900, "close": 2100}]}, "tuesday": {"isClosed": false, "timeRanges": [{"open": 700, "close": 2100}]}, "saturday": {"isClosed": false, "timeRanges": [{"open": 900, "close": 2000}]}, "thursday": {"isClosed": false, "timeRanges": [{"open": 700, "close": 2100}]}, "wednesday": {"isClosed": false, "timeRanges": [{"open": 700, "close": 2100}]}}', '{Cash,Credit/Debit}', '{}', 'https://www.google.com/maps/place/George''s+Cafe/@30.2885493,-97.7314024,142m/data=!3m2!1e3!5s0x8644b58556e59249:0x4726cb09b0fc147!4m6!3m5!1s0x8644b58ade430d01:0x3f954fea2142f0c!8m2!3d30.2884104!4d-97.7307835!16s%2Fg%2F11fphq17f2?entry=ttu&g_ep=EgoyMDI1MDEwOC4wIKXMDSoASAFQAw%3D%3D', 'https://maps.apple.com/?q=30.2885493,-97.7314024', 'https://housing.utexas.edu/sites/default/files/styles/utexas_image_style_1800w/public/2021-07/Georges_Cafe_Logo_680x454.png.webp?itok=tSti_-h2', '2025-07-13 01:08:38.104723+00', '2025-07-13 05:35:58.891+00', false, false, 12, 30.288445382444127, -97.73080995618375),
	('1707eb50-3d85-47ec-b04f-397c6a872614', 'Jester City Market', 'Jarket', 'Grab a bite on the go, shop for the essentials or stop in for a beverage on the ground floor of Jester Center.

Jester City Market has all your convenience store needs including school supplies, snacks and other goods. Stop in to see all we have to offer.', '201 E 21st St Austin, TX 78705', '131bb0cb-a083-40e2-bbe2-4bc6044dd8a7', '{"friday": {"isClosed": false, "timeRanges": [{"open": 1000, "close": 2200}]}, "monday": {"isClosed": false, "timeRanges": [{"open": 1000, "close": 2300}]}, "sunday": {"isClosed": false, "timeRanges": [{"open": 1200, "close": 2300}]}, "tuesday": {"isClosed": false, "timeRanges": [{"open": 1000, "close": 2300}]}, "saturday": {"isClosed": false, "timeRanges": [{"open": 1200, "close": 2000}]}, "thursday": {"isClosed": false, "timeRanges": [{"open": 1000, "close": 2300}]}, "wednesday": {"isClosed": false, "timeRanges": [{"open": 1000, "close": 2300}]}}', '{"Bevo Pay",Cash,Credit/Debit,"Dine In Dollars"}', '{"{\"name\": \"Lunch\", \"end_time\": 1800, \"start_time\": 1000}","{\"name\": \"Dinner\", \"end_time\": 2200, \"start_time\": 1900}"}', 'https://maps.app.goo.gl/PrsZA1x88GUqdhhx6', 'https://maps.apple.com/?address=201%20E%2021st%20St,%20Austin,%20TX%20%2078705,%20United%20States&auid=8818684010108699137&ll=30.282849,-97.736878&lsp=9902&q=Jester%20City%20Market', '', '2025-06-20 17:48:09.272069+00', '2025-07-13 05:35:58.633+00', false, true, 5, 30.282912861420552, -97.73688208382033),
	('e51708dc-d2a4-4e12-ab2d-3cfafc216145', 'Hello Doner', NULL, 'Hello Doner is a Mediterranean/halal fast‑casual kiosk located in the Dobie Mall food court on UT Austin’s campus, situated on the second floor near Guadalupe. It specializes in doner kebabs—available in beef, chicken, or mixed—served with fries, pickles, signature sauces, and fusion options like kimchi doner. 

The stand offers grab‑and‑go meals and can be ordered via Uber Eats, making it a convenient and flavorful pick for students.', '2021 Guadalupe St. Austin, TX 78712', 'dc1bae58-29a1-4c1f-829e-d0c3e2ed4479', '{"friday": {"isClosed": false, "timeRanges": [{"open": 1000, "close": 1700}]}, "monday": {"isClosed": false, "timeRanges": [{"open": 1000, "close": 1700}]}, "sunday": {"isClosed": true, "timeRanges": [{"open": 700, "close": 1000}]}, "tuesday": {"isClosed": false, "timeRanges": [{"open": 1000, "close": 1700}]}, "saturday": {"isClosed": true, "timeRanges": [{"open": 700, "close": 1000}]}, "thursday": {"isClosed": false, "timeRanges": [{"open": 1000, "close": 1700}]}, "wednesday": {"isClosed": false, "timeRanges": [{"open": 1000, "close": 1700}]}}', '{Cash,Credit/Debit}', '{}', '.', 'https://maps.apple.com/?address=2021%20Guadalupe%20St,%20Austin,%20TX%20%2078705,%20United%20States&ll=30.283252,-97.741631&q=2021%20Guadalupe%20St', 'https://1d8324510dc131f297ab.cdn6.editmysite.com/uploads/b/1d8324510dc131f297abae9a368ce98cb41e8e5fff2293dde6c7c3feea25d04c/Logosquare_1736895887.png?width=2400&optimize=medium', '2025-07-13 04:00:52.857539+00', '2025-07-13 05:35:58.95+00', false, false, 14, 30.283175900187032, -97.7411756730167),
	('ccc19373-b308-474c-b0aa-27a85bf7180a', 'Coffee Union House', 'Union Coffee', 'Union Coffee House proudly serves Starbucks coffee and beverages, bakery items and grab and go options.

Located in the second floor food court.', '2308 Whitis Ave, Austin, TX 78712', '1193411e-6aba-4941-a611-fc9eb7546757', '{"friday": {"isClosed": false, "timeRanges": [{"open": 800, "close": 1400}]}, "monday": {"isClosed": false, "timeRanges": [{"open": 800, "close": 1400}]}, "sunday": {"isClosed": true, "timeRanges": [{"open": 700, "close": 1000}]}, "tuesday": {"isClosed": false, "timeRanges": [{"open": 800, "close": 1400}]}, "saturday": {"isClosed": true, "timeRanges": [{"open": 700, "close": 1000}]}, "thursday": {"isClosed": true, "timeRanges": [{"open": 800, "close": 1400}]}, "wednesday": {"isClosed": false, "timeRanges": [{"open": 800, "close": 1400}]}}', '{"Bevo Pay",Credit/Debit,"Dine In Dollars"}', '{}', 'https://maps.app.goo.gl/', 'https://maps.apple.com/?address=2308%20Whitis%20Ave,%20Austin,%20TX%2078712', 'https://housing.utexas.edu/sites/default/files/styles/utexas_image_style_450w_300h/public/2021-07/Union_Coffee_House_Logo_680x454.png.webp?itok=WPuAgLry', '2025-06-24 06:32:28.962536+00', '2025-07-13 05:36:00.225+00', false, false, 47, 30.2860731537879, -97.7411286006197),
	('45fc4404-6b43-4523-8bce-4d9d3fc600e5', 'Sabor Tacos y Más', NULL, 'Find an assortment of build your own Tex-Mex options off Speedway at the WCP Student Activity Center.

Sabor Tacos y Más offers a la carte dining items including tacos, burritos, salads, rice bowls and more.', '2201 Speedway Austin, TX 78712', 'dc1bae58-29a1-4c1f-829e-d0c3e2ed4479', '{"friday": {"isClosed": true, "timeRanges": [{"open": 700, "close": 1000}]}, "monday": {"isClosed": false, "timeRanges": [{"open": 700, "close": 1000}]}, "sunday": {"isClosed": true, "timeRanges": [{"open": 700, "close": 1000}]}, "tuesday": {"isClosed": true, "timeRanges": [{"open": 700, "close": 1000}]}, "saturday": {"isClosed": true, "timeRanges": [{"open": 700, "close": 1000}]}, "thursday": {"isClosed": true, "timeRanges": [{"open": 700, "close": 1000}]}, "wednesday": {"isClosed": true, "timeRanges": [{"open": 700, "close": 1000}]}}', '{"Bevo Pay",Credit/Debit,"Dine In Dollars"}', '{}', '.', 'https://maps.apple.com/?address=2201%20Speedway,%20Austin,%20TX%20%2078712,%20United%20States&ll=30.284859,-97.736611&q=2201%20Speedway', 'https://housing.utexas.edu/sites/default/files/styles/utexas_image_style_450w_300h/public/2022-10/sabor_logo_680x454.png.webp?itok=o895PH2t', '2025-06-25 05:33:57.926275+00', '2025-07-13 05:35:59.221+00', true, false, 22, 30.285131111301762, -97.73597456400154),
	('8b1fa9ac-0397-4622-a611-0704fb3c27b0', 'Papua Coffee', NULL, 'Papua Mobile Café (Papua Coffee) is a plant-based mobile coffee truck located at Gregory Gym on UT Austin’s campus—just north of 21st Street and east of Speedway. 

It offers nitro cold brew, functional cold-brew blends, wraps, and vegan snacks.', 'North of 21st and East of Speedway', 'a82aa62e-9860-46e3-991b-cf6ba41fdb4d', '{"friday": {"isClosed": true, "timeRanges": [{"open": 700, "close": 1000}]}, "monday": {"isClosed": false, "timeRanges": [{"open": 700, "close": 1000}]}, "sunday": {"isClosed": true, "timeRanges": [{"open": 700, "close": 1000}]}, "tuesday": {"isClosed": true, "timeRanges": [{"open": 700, "close": 1000}]}, "saturday": {"isClosed": true, "timeRanges": [{"open": 700, "close": 1000}]}, "thursday": {"isClosed": true, "timeRanges": [{"open": 700, "close": 1000}]}, "wednesday": {"isClosed": true, "timeRanges": [{"open": 700, "close": 1000}]}}', '{Credit/Debit,Cash}', '{}', 'https://www.google.com/maps/place/Gregory+Gymnasium/@30.2840514,-97.737294,18.46z/data=!4m6!3m5!1s0x8644b59bc0000001:0x65ba35ca765b4cd1!8m2!3d30.2842496!4d-97.7368011!16zL20vMDg1eGRx?entry=ttu&g_ep=EgoyMDI1MDExNS4wIKXMDSoASAFQAw%3D%3D', 'https://maps.apple.com/?q=30.2840514,-97.737294', 'https://universityunions.utexas.edu/sites/default/files/styles/utexas_image_style_450w_300h/public/2024-01/papua-logo_0.png?itok=35-OLefd', '2025-07-13 00:51:00.759147+00', '2025-07-13 05:35:59.747+00', true, false, 34, 30.283852010468646, -97.73717995822811),
	('63185370-424f-4bce-943b-2ee85220547e', 'Wetzel''s Pretzels', NULL, 'Wetzel’s Pretzels is a mobile snack stand stationed at the intersection of East Mall and Speedway, just inside the University Unions area on UT Austin’s campus. It offers a variety of freshly baked pretzels—including classic salted originals, flavored “Bitz,” cheesy pretzel dogs—and cold drinks like lemonade and granitas. 

Students frequent it for quick, warm bites and refreshing beverages between classes.', 'East Mall and Speedway', 'a82aa62e-9860-46e3-991b-cf6ba41fdb4d', '{"friday": {"isClosed": true, "timeRanges": [{"open": 700, "close": 1000}]}, "monday": {"isClosed": false, "timeRanges": [{"open": 700, "close": 1000}]}, "sunday": {"isClosed": true, "timeRanges": [{"open": 700, "close": 1000}]}, "tuesday": {"isClosed": true, "timeRanges": [{"open": 700, "close": 1000}]}, "saturday": {"isClosed": true, "timeRanges": [{"open": 700, "close": 1000}]}, "thursday": {"isClosed": true, "timeRanges": [{"open": 700, "close": 1000}]}, "wednesday": {"isClosed": true, "timeRanges": [{"open": 700, "close": 1000}]}}', '{Cash,Credit/Debit,"Bevo Pay"}', '{}', 'https://www.google.com/maps/dir//30.2855439,-97.7372084/@30.2855494,-97.7378492,19z/data=!4m2!4m1!3e0?entry=ttu&g_ep=EgoyMDI1MDExNS4wIKXMDSoASAFQAw%3D%3D', 'https://maps.apple.com/?q=30.2855494,-97.7378492', 'https://universityunions.utexas.edu/sites/default/files/styles/utexas_image_style_450w_300h/public/2022-08/wetzels.jpg?itok=cF8Yav7Y', '2025-07-13 00:54:54.480144+00', '2025-07-13 05:35:59.862+00', true, false, 37, 30.2855744312348, -97.7371749025076),
	('5df9c13d-0340-4e78-81cb-92585ac9713e', 'O''s Campus Cafè — POB', NULL, 'O’s Campus Café is a multi-location dining spot on UT Austin’s campus, with cafés inside the Engineering Education & Research Center (EER) and the Peter O’Donnell Building. 

It serves from-scratch breakfast and lunch options like pizza, ramen, made-to-order banh mi, soups, salads, stir-fry, smoothies, and specialty coffee.', '201 E 24th St. Austin, TX 78712', 'dc1bae58-29a1-4c1f-829e-d0c3e2ed4479', '{"friday": {"isClosed": true, "timeRanges": [{"open": 700, "close": 1000}]}, "monday": {"isClosed": false, "timeRanges": [{"open": 730, "close": 1330}]}, "sunday": {"isClosed": true, "timeRanges": [{"open": 700, "close": 1000}]}, "tuesday": {"isClosed": false, "timeRanges": [{"open": 730, "close": 1330}]}, "saturday": {"isClosed": true, "timeRanges": [{"open": 700, "close": 1000}]}, "thursday": {"isClosed": false, "timeRanges": [{"open": 730, "close": 1330}]}, "wednesday": {"isClosed": false, "timeRanges": [{"open": 730, "close": 1330}]}}', '{"Bevo Pay",Cash,Credit/Debit}', '{}', 'https://www.google.com/maps/place/O''s+Campus+Cafe+and+Catering/@30.2866882,-97.738984,584m/data=!3m2!1e3!4b1!4m6!3m5!1s0x8644b59ca76ab5b7:0x2a4fc30c36cec54a!8m2!3d30.2866836!4d-97.7364091!16s%2Fg%2F1tq8jyv1?entry=ttu&g_ep=EgoyMDI1MDEwOC4wIKXMDSoASAFQAw%3D%3D', 'https://maps.apple.com/?q=30.2866882,-97.738984', 'https://www.oscampuscafe.com/wp-content/uploads/2019/11/os-campus-cafe-logo-footer.png', '2025-07-13 02:29:27.18179+00', '2025-07-13 05:35:59.073+00', false, false, 18, 30.2869021624099, -97.736548757671),
	('29708e40-624a-4ae2-b391-43855055a880', 'Cypress Bend Cafe', NULL, 'Explore this grill and coffee shop all in one located in San Jacinto Residence Hall. Cypress Bend Cafe serves Starbucks coffee and beverages, bakery items and other grab and go options.

In addition, you can choose from a variety of meal options at the grill.', '309 E 21st St Austin, TX 78705', 'dc1bae58-29a1-4c1f-829e-d0c3e2ed4479', '{"friday": {"isClosed": false, "timeRanges": [{"open": 700, "close": 1800}]}, "monday": {"isClosed": false, "timeRanges": [{"open": 700, "close": 1900}]}, "sunday": {"isClosed": true, "timeRanges": [{"open": 700, "close": 1000}]}, "tuesday": {"isClosed": false, "timeRanges": [{"open": 700, "close": 1900}]}, "saturday": {"isClosed": true, "timeRanges": [{"open": 700, "close": 1000}]}, "thursday": {"isClosed": false, "timeRanges": [{"open": 700, "close": 1900}]}, "wednesday": {"isClosed": false, "timeRanges": [{"open": 700, "close": 1900}]}}', '{"Bevo Pay",Credit/Debit,"Dine In Dollars"}', '{"{\"name\": \"Breakfast\", \"end_time\": 1200, \"start_time\": 700}","{\"name\": \"Lunch\", \"end_time\": 1700, \"start_time\": 1200}"}', 'https://maps.app.goo.gl/h3T5ZbVH86rnNfp26', 'https://maps.apple.com/?address=309%20E%2021st%20St,%20Austin,%20TX%2078705,%20United%20States&auid=16696211541944805550&ll=30.283025,-97.734464&lsp=9902&q=Cypress%20Bend%20Cafe', '', '2025-06-20 17:44:58.6854+00', '2025-07-13 05:35:58.587+00', true, true, 4, 30.282727794671732, -97.73440696717817),
	('d0b7ed5d-2508-4a0b-8e67-c4cc1266a72c', 'Commons Cafe', NULL, 'The Commons building is home to one of UT''s favorite dining establishments - the Commons Cafe. The Cafe offers hot breakfast and lunch options, as well as snacks and beverages. ', '2901 Read Grandberry Trl. Austin, TX 78712', 'dc1bae58-29a1-4c1f-829e-d0c3e2ed4479', '{"friday": {"isClosed": false, "timeRanges": [{"open": 730, "close": 1400}]}, "monday": {"isClosed": false, "timeRanges": [{"open": 730, "close": 1400}]}, "sunday": {"isClosed": true, "timeRanges": [{"open": 700, "close": 1000}]}, "tuesday": {"isClosed": false, "timeRanges": [{"open": 730, "close": 1400}]}, "saturday": {"isClosed": true, "timeRanges": [{"open": 700, "close": 1000}]}, "thursday": {"isClosed": false, "timeRanges": [{"open": 730, "close": 1400}]}, "wednesday": {"isClosed": false, "timeRanges": [{"open": 730, "close": 1400}]}}', '{Credit/Debit}', '{}', 'https://www.google.com/maps/dir//30.38729172,-97.72659451/@30.38729172,-97.72659451,17z', 'https://maps.apple.com/?q=30.38729172,-97.72659451', 'https://commons.utexas.edu/sites/default/files/styles/utexas_image_style_2280w_1232h/public/2024-01/cafe-b_mg_9503f-resz_3.jpg.webp?itok=syU4v02R', '2025-07-13 04:13:16.086602+00', '2025-07-13 05:35:58.822+00', false, false, 10, 30.38736790531012, -97.72609688035398),
	('f0e24d6c-71ad-4ef0-83b4-668281dea8c5', 'Oma''s Kitchen', NULL, 'Oma''s Kitchen is a cozy restaurant in Austin, TX that specializes in serving homestyle comfort food.

With a focus on traditional recipes and warm hospitality, Oma''s Kitchen aims to create a welcoming dining experience for its guests.', '2021 Guadalupe St. Austin, TX 78712', 'dc1bae58-29a1-4c1f-829e-d0c3e2ed4479', '{"friday": {"isClosed": false, "timeRanges": [{"open": 1100, "close": 2100}]}, "monday": {"isClosed": false, "timeRanges": [{"open": 1100, "close": 2100}]}, "sunday": {"isClosed": false, "timeRanges": [{"open": 1200, "close": 2000}]}, "tuesday": {"isClosed": false, "timeRanges": [{"open": 1100, "close": 2100}]}, "saturday": {"isClosed": false, "timeRanges": [{"open": 1100, "close": 2100}]}, "thursday": {"isClosed": false, "timeRanges": [{"open": 1100, "close": 2100}]}, "wednesday": {"isClosed": false, "timeRanges": [{"open": 1100, "close": 2100}]}}', '{Credit/Debit,Cash}', '{}', ',', 'https://maps.apple.com/?address=2025%20Guadalupe%20St,%20%23226,%20Austin,%20TX%20%2078705,%20United%20States&ll=30.283380,-97.741219&q=2025%20Guadalupe%20St,%20%23226', 'https://encrypted-tbn0.gstatic.com/images?q=tbn:ANd9GcQYTX2-wkAGox5laz824Xw6D7Cj64VZq-YLTw&s', '2025-07-13 02:42:14.575965+00', '2025-07-13 05:35:59.112+00', false, false, 19, 30.28317773867023, -97.74143163533533),
	('c8762d78-b8f3-482c-8d9a-c517d0eb7c2a', 'YoYo''s Hot Dog', NULL, 'YoYo’s Hot Dogs is a fast‑casual stand located inside UT Austin’s Dobie Mall food court. It’s best known for its oversized signature hot dogs slathered with cream cheese and sriracha‑honey mayo, plus offerings like fries and wings. 

This spot has quickly become a campus favorite, bringing the viral Houston‑born concept to students.', '2021 Guadalupe St. Austin, TX 78712', 'dc1bae58-29a1-4c1f-829e-d0c3e2ed4479', '{"friday": {"isClosed": false, "timeRanges": [{"open": 1130, "close": 2130}]}, "monday": {"isClosed": false, "timeRanges": [{"open": 1100, "close": 2130}]}, "sunday": {"isClosed": true, "timeRanges": [{"open": 700, "close": 1000}]}, "tuesday": {"isClosed": false, "timeRanges": [{"open": 1100, "close": 2130}]}, "saturday": {"isClosed": true, "timeRanges": [{"open": 700, "close": 1000}]}, "thursday": {"isClosed": false, "timeRanges": [{"open": 1100, "close": 2130}]}, "wednesday": {"isClosed": false, "timeRanges": [{"open": 1100, "close": 2130}]}}', '{Cash,Credit/Debit}', '{}', '.', 'https://maps.apple.com/?address=2021%20Guadalupe%20St,%20Austin,%20TX%20%2078705,%20United%20States&ll=30.283252,-97.741631&q=2021%20Guadalupe%20St', 'https://cdn.prod.website-files.com/66abe0a90447f50739207a39/66abe0a90447f50739208409_Yoyos%2520Logo-p-500.webp', '2025-07-13 03:48:41.204483+00', '2025-07-13 05:35:59.46+00', true, false, 29, 30.2831752097909, -97.7413486724252),
	('8ec72ec7-ff77-47fe-b12f-4051d8f11743', 'Texas EXpresso', NULL, 'Texas Expresso is a cozy full-service café inside the UT Alumni (Exes) Center, offering a quiet study environment with comfy leather chairs. It serves locally roasted coffee, paninis, sandwiches, soups, salads, baked goods, and smoothies. 

Popular with students for its breakfast and lunch options, it’s often praised for fast friendly service and reasonable prices.', '2110 San Jacinto Blvd. Austin, TX 78712', '1193411e-6aba-4941-a611-fc9eb7546757', '{"friday": {"isClosed": false, "timeRanges": [{"open": 800, "close": 1500}]}, "monday": {"isClosed": false, "timeRanges": [{"open": 800, "close": 1500}]}, "sunday": {"isClosed": true, "timeRanges": [{"open": 700, "close": 1000}]}, "tuesday": {"isClosed": false, "timeRanges": [{"open": 800, "close": 1500}]}, "saturday": {"isClosed": true, "timeRanges": [{"open": 700, "close": 1000}]}, "thursday": {"isClosed": false, "timeRanges": [{"open": 800, "close": 1500}]}, "wednesday": {"isClosed": false, "timeRanges": [{"open": 800, "close": 1500}]}}', '{"Bevo Pay",Cash,Credit/Debit}', '{}', 'https://www.google.com/maps/place/Texas+Expresso/@30.2842282,-97.7350703,174m/data=!3m1!1e3!4m6!3m5!1s0x8644b59bbc5e214f:0xa922bca4043c5c4a!8m2!3d30.2840009!4d-97.7345946!16s%2Fg%2F1vhq42m9?entry=ttu&g_ep=EgoyMDI1MDEwOC4wIKXMDSoASAFQAw%3D%3D', 'https://maps.apple.com/?q=30.2842282,-97.7350703', 'https://static.bevopay.utexas.edu/bevobucks/images/TxExpresso.png', '2025-07-13 04:40:26.2735+00', '2025-07-13 05:36:00.192+00', false, false, 46, 30.2843650477589, -97.734422789004),
	('0c02c007-df8f-489c-86bb-9341fdcd5e10', 'Gabriel''s Café', NULL, 'Enjoy popular food in a more relaxed environment. Gabriel’s Café serves lunch, dinner, and happy hour, and is a perfect spot to watch a game or socialize after a productive day. 

Located on the hotel side lower lobby (Level LL), inside the University Avenue entrance. Patio dining is available.', '1900 University Ave. Austin, TX 78712', 'dc1bae58-29a1-4c1f-829e-d0c3e2ed4479', '{"friday": {"isClosed": false, "timeRanges": [{"open": 1100, "close": 2359}]}, "monday": {"isClosed": false, "timeRanges": [{"open": 1100, "close": 2300}]}, "sunday": {"isClosed": false, "timeRanges": [{"open": 1100, "close": 2300}]}, "tuesday": {"isClosed": false, "timeRanges": [{"open": 1100, "close": 2300}]}, "saturday": {"isClosed": false, "timeRanges": [{"open": 1100, "close": 2359}]}, "thursday": {"isClosed": false, "timeRanges": [{"open": 1100, "close": 2300}]}, "wednesday": {"isClosed": false, "timeRanges": [{"open": 1100, "close": 2300}]}}', '{Cash,Credit/Debit}', '{}', 'https://www.google.com/maps/dir//30.28197821,-97.74045003/@30.28197821,-97.74045003,17z', 'https://maps.apple.com/?q=30.28197821,-97.74045003', 'https://meetattexas.com/assets/images/_1560x1040_crop_center-center_none/Gabriels-Patio-Austin-Dining.jpg', '2025-07-13 04:07:23.744826+00', '2025-07-13 05:35:58.859+00', false, false, 11, 30.282319810913823, -97.73997898408537),
	('feb48836-df0e-4bbe-bdc8-b0a64df9c086', 'J2 Dining', 'J2', 'Positioned on the south side of campus, J2 Dining houses a top-9 allergen free line as well as other unique options. 

J2 Dining is located on the second floor of Jester Center and serves a varied menu for you to create your ideal meal. The offerings at J2 include something for everyone.', '201 E 21st St Austin, TX 78705', '20be80f1-7e87-424e-a7b8-801c80aca477', '{"friday": {"isClosed": false, "timeRanges": [{"open": 700, "close": 1000}, {"open": 1100, "close": 1400}, {"open": 1630, "close": 2000}]}, "monday": {"isClosed": false, "timeRanges": [{"open": 700, "close": 1000}, {"open": 1100, "close": 1400}, {"open": 1630, "close": 2000}]}, "sunday": {"isClosed": false, "timeRanges": [{"open": 800, "close": 1000}, {"open": 1100, "close": 1400}, {"open": 1630, "close": 2000}]}, "tuesday": {"isClosed": false, "timeRanges": [{"open": 700, "close": 1000}, {"open": 1100, "close": 1400}, {"open": 1630, "close": 2000}]}, "saturday": {"isClosed": false, "timeRanges": [{"open": 800, "close": 1000}, {"open": 1100, "close": 1400}, {"open": 1630, "close": 2000}]}, "thursday": {"isClosed": false, "timeRanges": [{"open": 800, "close": 1000}, {"open": 1100, "close": 1400}, {"open": 1630, "close": 2000}]}, "wednesday": {"isClosed": false, "timeRanges": [{"open": 700, "close": 1000}, {"open": 1100, "close": 1400}, {"open": 1630, "close": 2000}]}}', '{"Bevo Pay",Credit/Debit,"Dine In Dollars"}', '{"{\"name\": \"Breakfast\", \"end_time\": 1000, \"start_time\": 700}","{\"name\": \"Lunch\", \"end_time\": 1400, \"start_time\": 1100}","{\"name\": \"Dinner\", \"end_time\": 2000, \"start_time\": 1630}"}', 'https://maps.app.goo.gl/oQJCkYWNgyFkMvFf7', 'https://maps.apple.com/?address=201%20E%2021st%20St,%20Austin,%20TX%20%2078705,%20United%20States&auid=18232725234478875257&ll=30.282849,-97.736878&lsp=9902&q=J2%20Dining', '', '2025-06-19 06:14:47.57904+00', '2025-07-13 05:35:58.419+00', false, true, 0, 30.282682363225522, -97.73679372627767),
	('b55ba288-091a-4c7a-9725-4617157fac28', 'Gong Cha', NULL, 'Gong Cha is a Taiwanese bubble‐tea chain located in the Dobie Mall food court, just above the Target on Guadalupe Street. It specializes in freshly brewed premium teas, customizable milk teas, fruit slushies, and signature toppings like tapioca and white pearls.

This spot offers a casual grab‑and‑go experience with strong customization (ice/sugar levels) and reliable quality, making it a go‑to place for bubble tea lovers on campus.', '2021 Guadalupe St. Austin, TX 78712', 'dc1bae58-29a1-4c1f-829e-d0c3e2ed4479', '{"friday": {"isClosed": false, "timeRanges": [{"open": 1200, "close": 2200}]}, "monday": {"isClosed": false, "timeRanges": [{"open": 1200, "close": 2200}]}, "sunday": {"isClosed": false, "timeRanges": [{"open": 1200, "close": 2200}]}, "tuesday": {"isClosed": false, "timeRanges": [{"open": 1200, "close": 2200}]}, "saturday": {"isClosed": false, "timeRanges": [{"open": 1200, "close": 2200}]}, "thursday": {"isClosed": false, "timeRanges": [{"open": 1200, "close": 2200}]}, "wednesday": {"isClosed": false, "timeRanges": [{"open": 1200, "close": 2200}]}}', '{Cash,Credit/Debit}', '{}', '.', 'https://maps.apple.com/?address=2021%20Guadalupe%20St,%20Austin,%20TX%20%2078705,%20United%20States&ll=30.283252,-97.741631&q=2021%20Guadalupe%20St', 'https://gong-cha-usa.com/wp-content/uploads/Gong-cha-vertical-logo-symbol-mark-banner.png', '2025-07-13 03:57:31.520093+00', '2025-07-13 05:35:58.922+00', false, false, 13, 30.2831469807926, -97.7412303551798),
	('9bffb108-a12b-491c-8c05-596a6a4d3119', 'O''s Campus Café — EER', NULL, 'O’s Campus Café is a full-service dining spot located inside UT Austin’s Engineering Education & Research Center (EER) at 2500 Speedway. 

It serves a wide range of fresh-made breakfast and lunch options, including pizza, ramen, banh mi, soups, salads, stir-fry, smoothies, and specialty coffee.', '2501 Speedway Austin, TX 78712', 'dc1bae58-29a1-4c1f-829e-d0c3e2ed4479', '{"friday": {"isClosed": false, "timeRanges": [{"open": 730, "close": 1330}]}, "monday": {"isClosed": false, "timeRanges": [{"open": 730, "close": 1330}]}, "sunday": {"isClosed": true, "timeRanges": [{"open": 700, "close": 1000}]}, "tuesday": {"isClosed": false, "timeRanges": [{"open": 730, "close": 1330}]}, "saturday": {"isClosed": true, "timeRanges": [{"open": 700, "close": 1000}]}, "thursday": {"isClosed": false, "timeRanges": [{"open": 730, "close": 1330}]}, "wednesday": {"isClosed": false, "timeRanges": [{"open": 730, "close": 1330}]}}', '{Credit/Debit,Cash,"Bevo Pay"}', '{}', 'https://www.google.com/maps/place/2501+Speedway,+Austin,+TX+78712/@30.288,-97.7362797,159m/data=!3m1!1e3!4m6!3m5!1s0x8644b584abe13c25:0x97d5d5a284a520f6!8m2!3d30.2880123!4d-97.7351504!16s%2Fg%2F11bw3zq348?entry=ttu&g_ep=EgoyMDI1MDEwOC4wIKXMDSoASAFQAw%3D%3D', 'https://maps.apple.com/?q=30.288,-97.7362797', 'https://www.oscampuscafe.com/wp-content/uploads/2019/10/EER-IMG_0512.jpg', '2025-07-13 01:04:48.909619+00', '2025-07-13 05:35:58.978+00', false, false, 15, 30.288463937258452, -97.73549607305593),
	('7a020251-a284-4040-8cc5-b0d583d47fe0', 'One Two Three Sushi', NULL, 'Stop by the WCP Student Activity Center for customizable sushi and other made-to-order Japanese specials. 

Roll your own way to a fresh and filling meal at this convenient location in the center of campus.', '2201 Speedway Austin, TX 78712', 'dc1bae58-29a1-4c1f-829e-d0c3e2ed4479', '{"friday": {"isClosed": true, "timeRanges": [{"open": 700, "close": 1000}]}, "monday": {"isClosed": false, "timeRanges": [{"open": 1100, "close": 1500}]}, "sunday": {"isClosed": true, "timeRanges": [{"open": 700, "close": 1000}]}, "tuesday": {"isClosed": false, "timeRanges": [{"open": 1100, "close": 1500}]}, "saturday": {"isClosed": true, "timeRanges": [{"open": 700, "close": 1000}]}, "thursday": {"isClosed": true, "timeRanges": [{"open": 700, "close": 1000}]}, "wednesday": {"isClosed": true, "timeRanges": [{"open": 700, "close": 1000}]}}', '{"Bevo Pay",Credit/Debit,"Dine In Dollars"}', '{}', '.', 'https://maps.apple.com/?address=2201%20Speedway,%20Austin,%20TX%20%2078712,%20United%20States&ll=30.284859,-97.736611&q=2201%20Speedway', 'https://housing.utexas.edu/sites/default/files/styles/utexas_image_style_1000w/public/2022-01/one_two_three_sushi_680x454.png.webp?itok=VpKM8CjL', '2025-06-25 05:28:03.513666+00', '2025-07-13 05:35:59.139+00', false, false, 20, 30.285008326901284, -97.73598940060347),
	('98c3ad4e-4614-44ac-b03a-83188fcc68fa', 'The Big Taquito', NULL, 'The Big Taquito is a Mexican food truck parked at the corner of West Dean Keeton Street and University Avenue, beside the UT Austin Student Services Building. It serves crispy taquitos stuffed with fillings like chicken, steak, pastor, and potato-bacon-cheese. 

The truck is known for generous portions and quick service, making it a popular stop for students.', 'W Dean Keeton St and University Ave Austin, TX 78712', 'a82aa62e-9860-46e3-991b-cf6ba41fdb4d', '{"friday": {"isClosed": true, "timeRanges": [{"open": 700, "close": 1000}]}, "monday": {"isClosed": false, "timeRanges": [{"open": 700, "close": 1000}]}, "sunday": {"isClosed": true, "timeRanges": [{"open": 700, "close": 1000}]}, "tuesday": {"isClosed": true, "timeRanges": [{"open": 700, "close": 1000}]}, "saturday": {"isClosed": true, "timeRanges": [{"open": 700, "close": 1000}]}, "thursday": {"isClosed": true, "timeRanges": [{"open": 700, "close": 1000}]}, "wednesday": {"isClosed": true, "timeRanges": [{"open": 700, "close": 1000}]}}', '{Cash,Credit/Debit}', '{}', 'https://www.google.com/maps/place/University+of+Texas+Student+Services+Building+(SSB)/@30.289788,-97.7410625,17z/data=!3m2!4b1!5s0x8644b58305becd45:0x76dcbd6713f251e1!4m6!3m5!1s0x8644b58304dd8e05:0xe2e47b708f5762f7!8m2!3d30.289788!4d-97.7384876!16s%2Fg%2F1thz2163?entry=ttu&g_ep=EgoyMDI1MDExNS4wIKXMDSoASAFQAw%3D%3D', 'https://maps.apple.com/?q=30.289788,-97.7410625', 'https://s3-media0.fl.yelpcdn.com/bphoto/ojKIzA4-ho4QkHStbZEBvA/348s.jpg', '2025-07-13 00:53:30.50437+00', '2025-07-13 05:35:59.812+00', true, false, 36, 30.289781612990517, -97.73896130839627),
	('d0ba7246-6d27-4861-94d0-d9312c3cf04e', 'O''s Campus Cafè — GSB', NULL, 'O’s Campus Café is a multi-location dining spot on UT Austin’s campus, with cafés inside the Engineering Education & Research Center (EER) and the Peter O’Donnell Building. 

It serves from-scratch breakfast and lunch options like pizza, ramen, made-to-order banh mi, soups, salads, stir-fry, smoothies, and specialty coffee.', '2110 Speedway Austin, TX 78712', 'dc1bae58-29a1-4c1f-829e-d0c3e2ed4479', '{"friday": {"isClosed": false, "timeRanges": [{"open": 730, "close": 1330}]}, "monday": {"isClosed": false, "timeRanges": [{"open": 730, "close": 1800}]}, "sunday": {"isClosed": true, "timeRanges": [{"open": 700, "close": 1000}]}, "tuesday": {"isClosed": false, "timeRanges": [{"open": 730, "close": 1800}]}, "saturday": {"isClosed": true, "timeRanges": [{"open": 700, "close": 1000}]}, "thursday": {"isClosed": false, "timeRanges": [{"open": 730, "close": 1800}]}, "wednesday": {"isClosed": false, "timeRanges": [{"open": 730, "close": 1800}]}}', '{"Bevo Pay",Cash,Credit/Debit}', '{}', 'https://www.google.com/maps/place/McCombs+School+of+Business/@30.2841509,-97.7402261,584m/data=!3m2!1e3!4b1!4m6!3m5!1s0x8644b59c68123325:0x690ca90b0920ae54!8m2!3d30.2841463!4d-97.7376512!16zL20vMDZoMXo3?entry=ttu&g_ep=EgoyMDI1MDEwOC4wIKXMDSoASAFQAw%3D%3D', 'https://maps.apple.com/?q=30.2841509,-97.7402261', 'https://www.oscampuscafe.com/wp-content/uploads/2019/10/GSB-IMG_0507.jpg', '2025-07-13 02:31:29.017859+00', '2025-07-13 05:35:59.009+00', false, false, 16, 30.2842185741584, -97.7383276718856),
	('ed5417c6-2a76-4aea-a0f2-56915d842048', 'Jester Java', NULL, 'Order breakfast tacos, Starbucks coffee and baked goods on the south side of campus, inside Jester Center. 

You’ll find an array of espresso, cold beverages and snacks.', '201 E 21st St Austin, TX 78705', '1193411e-6aba-4941-a611-fc9eb7546757', '{"friday": {"isClosed": true, "timeRanges": [{"open": 730, "close": 1600}]}, "monday": {"isClosed": false, "timeRanges": [{"open": 700, "close": 1500}]}, "sunday": {"isClosed": true, "timeRanges": [{"open": 700, "close": 1000}]}, "tuesday": {"isClosed": false, "timeRanges": [{"open": 700, "close": 1500}]}, "saturday": {"isClosed": true, "timeRanges": [{"open": 700, "close": 1000}]}, "thursday": {"isClosed": true, "timeRanges": [{"open": 730, "close": 1600}]}, "wednesday": {"isClosed": false, "timeRanges": [{"open": 700, "close": 1500}]}}', '{"Bevo Pay",Credit/Debit,"Dine In Dollars"}', '{}', 'https://maps.app.goo.gl/CtBnkvwy6qCDNtyi9', 'https://maps.apple.com/?address=201%20E%2021st%20St,%20Austin,%20TX%20%2078705', 'https://housing.utexas.edu/sites/default/files/styles/utexas_image_style_1800w/public/2021-07/Jester%20_Java_Logo_680x454.png.webp?itok=Fgnyii1L', '2025-06-22 01:43:28.99342+00', '2025-07-13 05:35:59.925+00', false, false, 39, 30.282949588636455, -97.736960960708),
	('effc1959-1b3b-45d6-946c-0fcbf22b4da8', 'The Carillon', NULL, 'The Carillon is a refined New American restaurant located in the AT&T Hotel and Conference Center, just south of UT Austin’s campus. 

It features locally sourced, seasonally inspired dishes—from a hearty breakfast buffet to à la carte lunches and an elegant prix fixe dinner menus highlighting items like pork belly, seared sea bass, and wagyu carpaccio.', '1900 University Ave. Austin, TX 78712', 'dc1bae58-29a1-4c1f-829e-d0c3e2ed4479', '{"friday": {"isClosed": false, "timeRanges": [{"open": 630, "close": 1000}, {"open": 1130, "close": 1330}, {"open": 1700, "close": 2200}]}, "monday": {"isClosed": false, "timeRanges": [{"open": 630, "close": 1000}, {"open": 1130, "close": 1330}]}, "sunday": {"isClosed": false, "timeRanges": [{"open": 700, "close": 1100}]}, "tuesday": {"isClosed": false, "timeRanges": [{"open": 630, "close": 1000}, {"open": 1130, "close": 1330}, {"open": 1700, "close": 2200}]}, "saturday": {"isClosed": false, "timeRanges": [{"open": 700, "close": 1100}, {"open": 1700, "close": 2200}]}, "thursday": {"isClosed": false, "timeRanges": [{"open": 630, "close": 1000}, {"open": 1130, "close": 1330}, {"open": 1700, "close": 2200}]}, "wednesday": {"isClosed": false, "timeRanges": [{"open": 630, "close": 1000}, {"open": 1130, "close": 1330}, {"open": 1700, "close": 2200}]}}', '{Cash,Credit/Debit}', '{}', 'https://www.google.com/maps/dir//30.28197821,-97.74045003/@30.28197821,-97.74045003,17z', 'https://maps.apple.com/?q=30.28197821,-97.74045003', 'https://meetattexas.com/assets/images/_800x550_crop_center-center_none/Carillon-Restaurant-Austin-UT-Campus.jpg', '2025-07-13 04:10:53.883734+00', '2025-07-13 05:35:59.332+00', false, false, 25, 30.282038431986976, -97.7401505905862),
	('7f6b1fbc-33ee-4fb5-b00f-82351dcb870e', 'Under the Oaks Café', NULL, 'With its floor-to-ceiling windows shaded by a dozen of the university’s majestic oak trees, Under the Oaks offers a scenic setting for your next event.

Under The Oaks is located on the ground level of TCC. The café at Under the Oaks is open to the public for breakfast, lunch and snack.', '2405 Robert Dedman Dr. Austin, TX 78712', 'dc1bae58-29a1-4c1f-829e-d0c3e2ed4479', '{"friday": {"isClosed": false, "timeRanges": [{"open": 730, "close": 1400}]}, "monday": {"isClosed": false, "timeRanges": [{"open": 730, "close": 1400}]}, "sunday": {"isClosed": true, "timeRanges": [{"open": 700, "close": 1000}]}, "tuesday": {"isClosed": false, "timeRanges": [{"open": 730, "close": 1400}]}, "saturday": {"isClosed": true, "timeRanges": [{"open": 700, "close": 1000}]}, "thursday": {"isClosed": false, "timeRanges": [{"open": 730, "close": 1400}]}, "wednesday": {"isClosed": false, "timeRanges": [{"open": 730, "close": 1400}]}}', '{Credit/Debit}', '{}', 'https://www.google.com/maps/place/Joe+C+Thompson+Conference+Center/@30.2870742,-97.7317403,584m/data=!3m2!1e3!4b1!4m6!3m5!1s0x8644b59e4153a10b:0x161ca973b8dd8ee9!8m2!3d30.2870696!4d-97.7291654!16s%2Fg%2F1td8zhzz?entry=ttu&g_ep=EgoyMDI1MDEwOC4wIKXMDSoASAFQAw%3D%3D', 'https://maps.apple.com/?q=30.2870742,-97.7317403', 'https://thompsoncenter.utexas.edu/sites/default/files/styles/utexas_image_style_1000w/public/UnderTheOaksCafe-0070.jpg?itok=xsCcVrp7', '2025-07-13 01:12:07.059459+00', '2025-07-13 05:35:59.401+00', false, false, 27, 30.2870562039227, -97.72913333518972),
	('67ed5465-34a9-4757-a212-6f914e5aecb8', 'O''s Campus Cafè — LBJ', NULL, 'O’s Campus Café is a multi-location dining spot on UT Austin’s campus, with cafés inside the Engineering Education & Research Center (EER) and the Peter O’Donnell Building. 

It serves from-scratch breakfast and lunch options like pizza, ramen, made-to-order banh mi, soups, salads, stir-fry, smoothies, and specialty coffee.', '2315 Red River St. Austin, TX 78712', 'dc1bae58-29a1-4c1f-829e-d0c3e2ed4479', '{"friday": {"isClosed": false, "timeRanges": [{"open": 730, "close": 1330}]}, "monday": {"isClosed": false, "timeRanges": [{"open": 730, "close": 1500}]}, "sunday": {"isClosed": true, "timeRanges": [{"open": 700, "close": 1000}]}, "tuesday": {"isClosed": false, "timeRanges": [{"open": 730, "close": 1500}]}, "saturday": {"isClosed": true, "timeRanges": [{"open": 700, "close": 1000}]}, "thursday": {"isClosed": false, "timeRanges": [{"open": 730, "close": 1500}]}, "wednesday": {"isClosed": false, "timeRanges": [{"open": 730, "close": 1500}]}}', '{"Bevo Pay",Cash,Credit/Debit}', '{}', 'https://www.google.com/maps/place/2315+Red+River+St,+Austin,+TX+78712/@30.2855006,-97.7295897,207m/data=!3m1!1e3!4m6!3m5!1s0x8644b5905400806d:0xa2a14dba865a2280!8m2!3d30.285707!4d-97.7285035!16s%2Fg%2F11c28fy2ky?entry=ttu&g_ep=EgoyMDI1MDEwOC4wIKXMDSoASAFQAw%3D%3D', 'https://maps.apple.com/?q=30.2855006,-97.7295897', 'https://www.oscampuscafe.com/wp-content/uploads/2019/11/LBJ-IMG_0558.jpg', '2025-07-13 02:27:00.647399+00', '2025-07-13 05:35:59.034+00', true, false, 17, 30.2842408913606, -97.7291117316317),
	('1ab2febc-26fc-4249-aeed-e96b199f398f', 'Longhorn Coffee Co.', 'Longhorn Coffee', 'Check out this coffee shop proudly serving Starbucks coffee and other on the go options in the WCP Student Activity Center.

Located at WCP 1.302.', '2201 Speedway, Austin, TX 78712', '1193411e-6aba-4941-a611-fc9eb7546757', '{"friday": {"isClosed": true, "timeRanges": [{"open": 800, "close": 1400}]}, "monday": {"isClosed": false, "timeRanges": [{"open": 700, "close": 1400}]}, "sunday": {"isClosed": true, "timeRanges": [{"open": 700, "close": 1000}]}, "tuesday": {"isClosed": false, "timeRanges": [{"open": 800, "close": 1400}]}, "saturday": {"isClosed": true, "timeRanges": [{"open": 700, "close": 1000}]}, "thursday": {"isClosed": true, "timeRanges": [{"open": 800, "close": 1400}]}, "wednesday": {"isClosed": false, "timeRanges": [{"open": 800, "close": 1400}]}}', '{"Bevo Pay",Credit/Debit,"Dine In Dollars"}', '{}', '.', 'https://maps.apple.com/?address=2201%20Speedway,%20Austin,%20TX%2078712', 'https://housing.utexas.edu/sites/default/files/styles/utexas_image_style_450w_300h/public/2021-07/Longhorn_Coffee_Co_Logo_680x454.png.webp?itok=Peq67Hth', '2025-06-24 06:27:59.142427+00', '2025-07-13 05:35:59.957+00', false, false, 40, 30.284731496677153, -97.73631370928602);


--
-- Data for Name: menu; Type: TABLE DATA; Schema: public; Owner: postgres
--



--
-- Data for Name: menu_category; Type: TABLE DATA; Schema: public; Owner: postgres
--



--
-- Data for Name: food_item; Type: TABLE DATA; Schema: public; Owner: postgres
--



--
-- Data for Name: notification_types; Type: TABLE DATA; Schema: public; Owner: postgres
--

INSERT INTO "public"."notification_types" ("id", "name", "created_at", "updated_at") VALUES
	('b68cb27f-1eca-439c-bec0-e109a78a87a1', 'System Announcement', '2025-07-05 20:58:42.592689+00', '2025-07-05 20:58:42.592689+00'),
	('ddd275bc-9620-499b-82e0-c6a31e7c9ad3', 'Food Alert', '2025-07-05 20:59:00.068011+00', '2025-07-05 20:59:00.068011+00'),
	('9d6d913b-856b-4afe-9cbf-6ada99c29fb7', 'Location Update', '2025-07-05 20:59:07.440183+00', '2025-07-05 20:59:07.440183+00'),
	('a0510183-252a-4998-9542-621df7b0cd4a', 'Special Alert', '2025-07-05 20:59:39.775092+00', '2025-07-05 20:59:39.775092+00');


--
-- Data for Name: notifications; Type: TABLE DATA; Schema: public; Owner: postgres
--

INSERT INTO "public"."notifications" ("id", "title", "body", "redirect_url", "scheduled_at", "created_at", "sent", "type") VALUES
	('7fce4f94-59cd-4ccf-97ac-5ce3d14609f3', 'Welcome Back, Longhorns! 🤘', 'New menus just dropped! Tap to see what’s good on campus.', '', NULL, '2025-07-10 03:06:05.883693+00', true, 'a0510183-252a-4998-9542-621df7b0cd4a'),
	('ba6a7d24-0046-4c41-8226-8c7da68e1b8d', 'J2 Temporarily Closed', 'J2 is temporarily closed. Check other spots open nearby.', 'https://housing.utexas.edu/dining/dining-locations/dining-halls/j2-dining', NULL, '2025-07-10 03:08:00.390549+00', true, '9d6d913b-856b-4afe-9cbf-6ada99c29fb7'),
	('a851565e-50f5-4797-9bed-92b1e3ef240c', '🔥 Fresh Drop at Kins', 'Pssst… steak at Kins. You didn’t hear it from me 👀', '', NULL, '2025-07-10 03:09:35.488165+00', true, 'ddd275bc-9620-499b-82e0-c6a31e7c9ad3'),
	('d15905d4-6dfc-4f44-b1f2-d311644efb23', 'Maintenance Underway', 'We’re making improvements behind the scenes. Dining info and notifications might be delayed. Everything will be back soon!', '', NULL, '2025-07-10 03:10:17.158217+00', true, 'b68cb27f-1eca-439c-bec0-e109a78a87a1');


--
-- Data for Name: nutrition; Type: TABLE DATA; Schema: public; Owner: postgres
--



--
-- Data for Name: user_devices; Type: TABLE DATA; Schema: public; Owner: postgres
--



--
-- Data for Name: buckets; Type: TABLE DATA; Schema: storage; Owner: supabase_storage_admin
--



--
-- Data for Name: objects; Type: TABLE DATA; Schema: storage; Owner: supabase_storage_admin
--



--
-- Data for Name: prefixes; Type: TABLE DATA; Schema: storage; Owner: supabase_storage_admin
--



--
-- Data for Name: s3_multipart_uploads; Type: TABLE DATA; Schema: storage; Owner: supabase_storage_admin
--



--
-- Data for Name: s3_multipart_uploads_parts; Type: TABLE DATA; Schema: storage; Owner: supabase_storage_admin
--



--
-- Data for Name: hooks; Type: TABLE DATA; Schema: supabase_functions; Owner: supabase_functions_admin
--



--
-- Name: refresh_tokens_id_seq; Type: SEQUENCE SET; Schema: auth; Owner: supabase_auth_admin
--

SELECT pg_catalog.setval('"auth"."refresh_tokens_id_seq"', 48, true);


--
-- Name: allergens_id_seq; Type: SEQUENCE SET; Schema: public; Owner: postgres
--

SELECT pg_catalog.setval('"public"."allergens_id_seq"', 4859, true);


--
-- Name: food_item_id_seq; Type: SEQUENCE SET; Schema: public; Owner: postgres
--

SELECT pg_catalog.setval('"public"."food_item_id_seq"', 4859, true);


--
-- Name: menu_category_id_seq; Type: SEQUENCE SET; Schema: public; Owner: postgres
--

SELECT pg_catalog.setval('"public"."menu_category_id_seq"', 716, true);


--
-- Name: menu_id_seq; Type: SEQUENCE SET; Schema: public; Owner: postgres
--

SELECT pg_catalog.setval('"public"."menu_id_seq"', 120, true);


--
-- Name: nutrition_id_seq; Type: SEQUENCE SET; Schema: public; Owner: postgres
--

SELECT pg_catalog.setval('"public"."nutrition_id_seq"', 4859, true);


--
-- Name: hooks_id_seq; Type: SEQUENCE SET; Schema: supabase_functions; Owner: supabase_functions_admin
--

SELECT pg_catalog.setval('"supabase_functions"."hooks_id_seq"', 1, false);


--
-- PostgreSQL database dump complete
--

RESET ALL;
